是否看过,日期,评星,赞成数,评论内容
看过,2017-08-03 05:32:42,很差,21892," 刘亦菲这么多年演技一点都没有进步啊；杨洋完美的呈现了一个油腻又装逼的夜华，教主后继有人了。
        "
看过,2017-08-03 01:39:51,很差,20642,
看过,2017-08-03 19:21:41,很差,15782," 年度最烂，真的是年度最烂，前半部像杨洋和刘亦菲主持的少儿节目，后半部毁天灭地只为衬托他们狗屎一样的爱情。杨洋现在表演时的自恋感，已经到了他深情望着女演员的时候，你都会怀疑他是不是在看对方眼里映出的他自己帅气的倒影……
        "
看过,2017-08-03 07:53:41,很差,16399," 杨洋之后再无如此猥琐油腻之夜华。
        "
看过,2017-08-03 07:57:35,很差,15494," 没有对比就没有伤害，刘亦菲向观众们证明了杨幂还是有演技的
        "
看过,2017-08-02 18:27:00,很差,15067," 故事，凡是去看的，大概都是知道前前后后的。讲讲其他，表演很低廉，服装很粗糙，感觉都是化纤的，一摩擦就起静电。。美术很魔幻。。那些布景，总觉得像在看山寨版的霍比特人
        "
看过,2017-08-03 05:33:23,很差,14178," 老实说赵又廷的古装虽然不好看，但是他演的夜华还是可以的。杨洋的夜华真是毫无苏点，跟刘亦菲的感觉不是情人反而是姐弟的感觉，虽然是姐弟恋，但是并没有代入感。少年老成不是面瘫装逼啊
        "
看过,2017-08-03 00:47:16,很差,13415," 刘亦菲为啥乐此不彼的和这种没演技全程尬演的小鲜肉合作？4s整部片子一股子廉价的西方魔幻风，也就骗骗暑假学生党的钱了。。。
        "
看过,2017-08-03 00:56:58,很差,11814," 特效很差，演员演技差到让人尴尬，杨洋的存在就是为了衬托刘亦菲的演技。
        "
看过,2017-08-03 00:31:54,很差,11075," 两个演技为负的主角也就罢了，辣鸡剧情的古呕小言也就罢了，起码硬件做的良心点吧？结果也没有，服美是影楼化纤风的，美指是中不中西不西的山寨风的，特效是八流页游水平的，连海报都是网友ps入门水平的，钱大概都花去砸第一天的预售票房优惠了吧
        "
看过,2017-08-03 07:21:10,很差,8538," 杨洋和刘亦菲 毁容式演技。刘亦菲演了这么多年戏还停留在演啥都一个面瘫样的阶段 也是蛮厉害的
        "
看过,2017-07-29 18:17:16,很差,8238," 除了主角之外，配角的造型好雷啊！别说什么中国风，中国风不是雷好吗？
        "
看过,2017-08-05 06:25:09,很差,4220," 我愿：

一筐大枣，两箱山楂；
三鲜过海，加五得八；
夏天太热，多吃西瓜；
培育木耳，养殖林蛙；
勤劳肯干，指定能发；
天下百姓，都喊我妈。

正所谓：福瑞斯代尔，中国有嘻哈。
        "
看过,2017-08-03 09:56:30,很差,6770," 杨洋真的好尴尬啊，同床那段简直猥琐，我夜华大神去哪了，影版剧版都不满意。不得不承认神仙姐姐比大幂幂美好几个level
        "
看过,2017-08-03 15:57:11,很差,5731," 夜华拉面那段 我在想他在代言今麦郎呢还是汤达人
        "
看过,2017-08-03 09:47:49,很差,5807,
看过,2017-08-03 01:40:13,很差,5256," 1.1/10，看《XXX》之前本以为《三生三世十里桃花》是年度最烂，看完《XXX》发现《三生三世》可以排第二。广告摄影的通病，不会讲故事，一味追求视觉上的答卷，而忽略事件对人物和主题的重要性。所以不能算电影，且算是一堆广告大片的合集，洗发露广告、拉面广告、温泉广告、献血广告等等…
        "
看过,2017-08-03 14:22:07,很差,5147," 大家都在喷杨洋，都忘了刘亦菲也没演技吗
        "
看过,2017-08-02 11:43:26,很差,5498," 各个演员演技尴尬   看着脑仁都疼。。。
        "
看过,2017-08-03 09:08:24,很差,5178," 刘亦菲演了这么多年了 为啥一点进步都没有？？？？我们仙女不是妖怪好吗？一个妥妥的西方老妖精。辣眼睛  丑哭我。
        "
看过,2017-08-03 01:15:51,很差,3944," 看到最后一位编剧的名字非常反胃。这几年刘亦菲的电影资源太虐了，能不能有一部像样的电影能让我静静看看颜。
        "
看过,2017-08-03 08:40:36,很差,4511," 塑料质感的特效，颜色爆炸的美术，千人一面的两个主角，尤其猥琐的QJ犯男主，讲点道理，教主是躺枪。
        "
看过,2017-08-03 08:50:14,推荐,4245," 电影没上映就一直在宣传特效，不得不说这次的特效，布景真的很美很漂亮。刘亦菲杨洋颜值没的挑，个人感觉还不错啊，看到好多人打一星，好像不至于那么差吧。还是值得一看的
        "
看过,2017-08-03 14:29:28,很差,4383," 差就是差，不好就是不好。事实证明，曾经那个靠流量明星+大牌IP就能轻轻松松从观众口袋里骗钱的时代，已经开始越来越远了！
        "
看过,2017-08-03 19:04:05,很差,3835," 如果有人愿意陪你看这个电影，就和他结婚吧，因为他一定是真的爱你。
        "
看过,2017-08-03 08:37:51,还行,3930," 我觉得还好，没有网上说的那么差，就是情节有点乱看的有点懵，但是还好，完全不是一无是处的，特效很棒场景很美，但是大婚的时候刘亦菲造型有点雷，最后散场时好多人说这就没了啊，还有人说，怎么和电视剧还有小说不一样，然后感觉结局有些仓促，有点不懂，别的就没了，还是可以的
        "
看过,2017-08-03 00:02:56,推荐,3283," 电影原创台词和立意高于“原著”唐七太多了。。然后唐七这个黑点没法忽略。。
        "
看过,2017-08-05 10:01:14,很差,1958," 这不是最烂的电影，但绝对是最尬的电影。杨洋看刘亦菲的眼神，就像丝芙兰那些gay导购审视素颜大妈，嘴上说着甜蜜的话，心里想的却是：口亨，毛孔辣么大，还敢不抹防晒就出门！
        "
看过,2017-08-03 00:09:18,力荐,3135,
看过,2017-08-03 00:30:30,推荐,2686," 外貌协会，冲着高配神颜看的，放大到大银幕上只想啊啊啊啊啊啊啊～景取得也超美，还有就是yy的声音真心惊艳了我一下，查了貌似是原音！！好吧～以前只知道他人好看，没想到声音也😍
        "
看过,2017-08-03 18:13:09,很差,2745," 那个头上顶着男性生殖器的宫女把刘亦菲烦得啊，直按太阳穴，还有拉面技巧非常好的杨洋，希望每次去海底捞过生日都能看见他。这些灾难都比悲剧本身来得动人多了。
        "
看过,2017-08-03 00:02:24,推荐,2384," 原著抄袭，先扣一星。不过这回国产电影特效总算超过一块钱了，值得鼓励。
        "
看过,2017-08-03 13:44:08,很差,3631," 真不懂美在哪儿？真不懂这个电影存在的意义！真不懂这么虚假做作的娱乐产品能有多少人有共鸣？祝早下片尊重一下电影。
        "
看过,2017-08-03 17:03:18,推荐,2193," 讲真，太短了，以至于叙事有点赶，有些地方铺陈不开，改编也挺多的，特效演技都不错。心疼素素十秒，三个角色区别挺大，所以演技这东西没啥好黑的吧。两位主角一出现大家都是哇哇哇，忽略那些微表情和细节的无话可说。几位配角很不错。衣服是真的很好看。
        "
看过,2017-08-03 09:34:13,很差,3239," 最他么讨厌这种花花绿绿的画面，很廉价很俗气，这种电影真是只适合那群脑残粉看，跟小时代没啥区别
        "
看过,2017-08-03 13:26:17,很差,3014," 天仙协会终生主席和宇宙第一帅正能量直男终于合体，这部电影票房我预计60个亿！电影票可以绕地球三圈！！感天动地！
        "
看过,2017-08-03 00:36:09,很差,3218," 是不是对表演有什么误解，黄教主式深情加上沉醉在自己努力里的木头脸
        "
看过,2017-08-03 00:02:36,还行,1114," 杨洋和刘亦菲是怎么生出来一个韩红的？！！！迷谷丑萌丑萌的
        "
看过,2017-08-03 16:06:14,很差,4064," 一星半。看睡着了，现在国内还有人花钱拍这么明显的纯粉丝向电影，这种勇气就已经非常可嘉了，好看是好看，但也仅限于脸，内容又廉价又土。中国电影人什么时候能学会把花在选流量明星和后期营销上的那股“疯狂砸钱”的狠劲和痛快劲转化成影片剧作的厚度和内容的深度上，什么时候华语电影才能真正进步。
        "
看过,2017-08-03 07:58:22,很差,4735," 为什么会有这么低廉感的电影，特效玄幻感不如小孩子的肯德基广告，男女主不用说了，尬演，真的太尬了
        "
看过,2017-08-04 10:56:00,较差,656," 杨洋深刻诠释了男人空有一副皮囊整天自恋耍帅是多无趣
        "
看过,2017-08-04 22:06:52,很差,926," 这种电影真的拍来做什么…看完能报工伤么？
        "
看过,2017-08-03 18:16:17,很差,2388," 这是一场横跨天界鬼族的大型诗会，诗歌内容皆摘抄自QQ空间。鬼族网红玄女以咆哮体诗歌闻名业界，平时对着深渊咆哮我可怜的孩子。天神夜华和上神白浅二人组成夫妻档，无论在青丘温泉，还是瀛洲荒原，彼此将爱的誓言深情朗诵，字字珠玑。这场诗歌的饕餮盛宴震怒了天神，获胜者得到眼球，失败者掉进深渊。
        "
看过,2017-08-05 12:55:40,较差,415," 苍天不负苦心人，溪水堂堂出前村。坚持必有收获，愿每一个杨幂都能等来她的刘亦菲。
        "
看过,2017-08-03 21:01:33,较差,1806," 我姐是不是很恨我，每次都请我看这种电影TAT
        "
看过,2017-08-08 22:30:50,较差,294,"         没有看过电视剧和小说，所以故事看得一头雾水。二颗星是给数字视觉特效和摄制人员的辛苦。
        "
看过,2017-08-03 00:09:15,推荐,2871," 特效真的挺好的。尤其是龙宫那里的景，那个大水母（？）哎好喜欢。和印象里的中国风不太一样emmmm不过意外的还不错。
        "
看过,2017-08-05 10:04:10,很差,520," 杨洋是一个张翰看了沉默，教主看了流泪的男人。
        "
看过,2017-08-05 18:06:58,很差,470," 这真的是一部不可多得的佳片，是杨洋同学的转型之作，从这部片之后他步入了喜剧演员的行列，这部对于他来说那是相当成功，他承包了全片80%的笑点，另外的20％由服饰组，和编剧台词组承包。这是一部非常成功的喜剧片，赞的！
        "
看过,2017-08-03 14:38:50,还行,2454," 特效真的还不错，挺炫的。刘亦菲演技真的不行，导演能把刘亦菲拍的这么丑也是挺厉害的，还肿。剧情发展太快，没有看过小说的人应该不太明白，我看过小说，知道会发生什么，所以剧情比较跳跃我还是看的懂。演员比较符合小说的主角吧，杨洋比较嫩，刘亦菲看起来比他大，确实与小说相匹配。最后挺感人的。
        "
看过,2017-08-03 19:06:09,很差,2376," 天线你对得起我提前下班就来电影院吗？！啊对得起吗？！你这十年不变的演技，把我们诓进电影院你良心过得去吗？国民度的消费也是有限度的啊。特效是好的，剧情和服装烂得我连标签都不想打。那捉急的演技当什么电影演员啊，还是回小荧屏糊弄小妹妹玩吧，再见！
        "
看过,2017-08-03 20:39:44,推荐,1315," 过程很爽，事后却给差评，这种事我干不出来。一星给脸。刘亦菲杨洋美到超凡脱俗，颜控粉一本满足。二星给编剧。电视剧只让我觉得狗血腻味，但是电影从第三世开始，前两世穿插闪回，让这个先天不足的故事脱胎换骨，全程被吸引入戏。一星给少女梦，这就是部给少女造梦的商业片，它肤浅但真诚。
        "
看过,2017-08-03 07:07:35,推荐,1757," 几乎全是恶评，可怕，电影并不差，特效超级棒，看着真是赏心悦目，就冲这特效也值回票价。剧情是完整的，是真正属于他们俩的三生三世，最后鬼族与天族大战那场戏很不错，气势恢宏。这部电影还有很多细节，得慢慢品味，诚意之作。
        "
看过,2017-08-03 00:46:03,推荐,2581," 1.特效真的棒配上音效很震撼大气 。
2.剧情顺序不是正序比较有新鲜感但剧情有点快
3.两个主演的演技都在线 哭戏男女有别很戳人
4.迷谷和折颜东海龙王笑点担当 还有做饭那段很炫技了5.颜值就不用说了很养眼6.结局有点谜不知道是be 还是he 

        "
看过,2017-08-03 10:45:55,推荐,1864," 这部电影宣传期不炒CP、不炒绯闻、不打苦情牌、不模凌两可诋毁其他同行，只用数据和镜头告诉大家他们满满的诚意，所以我愿意看！前排一群小姑娘既兴奋又怕打扰别人的样子好可爱，让我都想再年轻一把。
        "
看过,2017-08-03 20:09:37,很差,2367," 我承认，我犯贱，我不该浪费钱，颜狗不配获得幸福！太TM烂了！
        "
看过,2017-08-03 00:02:13,推荐,2323," 看哭了，眼泪哗哗的那种。。杨洋刘亦菲就是神仙颜值啊，台词感情很充沛，整部电影挺有感染力的。特效很厉害了，就是感觉整体节奏太快？？夜华擎苍的打戏没看够。很多小细节上演员的表情拿捏到位，前后期的夜华区别很大，比我想象的要好。杨洋不错，未来可期。跟风黑无脑。
        "
看过,2017-08-03 17:09:46,力荐,1689," 特效很不错，我喜欢入海水母的想象力，野花深情的时候确实有打动到我，但是最后结局有点开放，没看明白到底活过来没有
        "
看过,2017-08-03 18:07:12,很差,1998," 烂片，各种无感，刘亦菲结婚的造型真是逗笑了电影院里所有人，所以这是相声二人转吗。。。。
        "
看过,2017-08-03 08:38:17,推荐,2092," 特效挺美的，刘亦菲古装造型真心漂亮，演技有进步的，和杨洋也很有cp感，小团子很可爱。
        "
看过,2017-08-04 07:01:46,很差,831," 演员演烂片，就像卖菜的缺斤少两，酒店宰客，出租车绕路一样恶心，没有职业道德，透支自己的价值。
        "
看过,2017-08-03 16:09:46,力荐,1660,
看过,2017-08-03 15:17:12,推荐,1623," 来电影院看了再说，这部影片整体制作四星无疑，刘亦菲和杨洋的演绎也想一吐为快。白浅是有故事、有过往的角色，历劫三生三世，刘亦菲的演技应该可以摆脱不食人间烟火的神仙姐姐，让人刮目相看；而杨洋，尽管有瑕疵，但是夜华的沉稳睿智、冷峻刚毅都被他演绎得过目不忘吧！实话，值得一看！
        "
看过,2017-08-03 18:47:13,很差,736," 还是没想通为啥两位一同提名奥斯卡的技术大佬会拍出一部审美水平相当于一十多岁第二天就要第一次去出远门见男网友却不知如何化妆索性把台子上的化妆品一股脑全部涂抹到脸上的小女孩。
        "
看过,2017-08-03 12:59:21,很差,2417," 虽然喜欢神仙姐姐，但不得不承认，这几年她接的片子确实很烂。
刚才有个4s的水军私信来骂我，拉黑你全家，去死吧。
        "
看过,2017-08-03 21:07:03,推荐,1339," 一上来罗晋台词太好了！和我想象中不太一样，挺有意思的。刘亦菲美如画。李纯刘亦菲罗晋演得好。整体不错完成度挺高，有些地方稍微有点不自然，不过纯绿幕拍的目前这个特效是相当不错了。整个团队也看得出很用心，希望刘亦菲下次能遇到更好的剧本，这个小说拍电影稍微有点欠层次。
        "
看过,2017-08-04 04:19:52,很差,668," 再让这类电影横行霸道，中国电影迟早要完。
        "
看过,2017-08-04 01:21:37,None,404," 杨洋很帅，且拉面水平一流
        "
看过,2017-08-03 22:05:51,很差,385," 公允地说，抛开抄袭这事不谈，这片子只值半星，给的还是迷谷，其他的在剧情表演剪辑等各方面简直是灾难性的一塌糊涂。就连引以为噱头的特效和画面也是满满的网游风，看的也令人审美疲劳，最难得的是每一个角色都可以出演的如此矫揉造作，也算是个奇迹，只能说是在IP和资本双重诱惑下又一个畸形产物。
        "
看过,2017-08-03 17:46:59,很差,761," 对不起亦非，又是我出卖的你。杨洋就是黄晓明二代，真的！
        "
看过,2017-08-03 20:26:03,很差,662," 一分钟抵一万个笑点，真是烂炸了，烂片界的《指环王》。
        "
看过,2017-08-04 13:02:40,很差,371," 海底捞拉面那里刘亦菲实力演绎一脸嫌弃是她全片演技最好的部分。
        "
看过,2017-08-03 09:14:56,推荐,1407," 电影的优点就是能把剧中情感更集中更强烈的表现出来，三生三世也不例外，不论素素还是白浅与夜华的爱都是那么刻骨铭心，尤其是素素失明那段。这部电影特效强大服装华丽装发细致入微人物个性鲜明，意外的觉得还不错。不过还是有姐弟恋的感觉，刘亦菲的素素像极了赵灵儿特别好看。
        "
看过,2017-08-03 17:22:15,很差,1320," 杨洋哭的毫不费力，刘亦菲一看赶紧哭花了妆，硬凹，刘亦菲比杨洋演技还差！每次折颜一出来我都觉得他要掏出指甲油💅🏻这个电影太吵了，太！吵！了！ps.杨洋为了演夜华一定去海底捞培训了
        "
看过,2017-08-04 07:02:23,力荐,1093," 这部电影没有首映和点映，我想知道那些在电影没上映之前是怎么看到电影然后写下恶毒的影评的，虽然我也对这部片子不感兴趣对演员不感兴趣，但是为了黑而黑，豆瓣这是要像微博看齐了吗
        "
看过,2017-08-03 21:06:13,很差,1434," 画风诡谲到无以言表，影楼化纤与面瘫尬演的交相晦映。曾真心喜欢过灵动而不自知时期的YY演的宝玉而今见他承教主大旗装逼而不自制的状态真心痛惜，作为天线演技黑表示她这次又没让人失望。水果忍者兰州拉面倾情赞助，我欠剧版4S一个道歉…等等，为什么要道歉？顶着致敬皮的抄袭作怎么拍都是五十步笑百步
        "
看过,2017-08-04 11:27:10,很差,471," 四海八荒，第一尬片；但有一点，刘亦菲比杨幂不知道高到哪里去了！
        "
看过,2017-08-03 23:01:08,较差,176," 2.0。杨洋很帅，刘亦菲很美；这片子不就为了卖人设嘛，狂喷的都是为了赚流量。
        "
看过,2017-08-04 01:20:01,很差,200," 男默女泪。
        "
看过,2017-08-03 18:04:11,很差,1109," 为什么要花钱去看两个面瘫下面？？？？
        "
看过,2017-08-03 21:07:47,很差,1304," 以为自己看了一场爵迹
        "
看过,2017-08-03 17:27:40,很差,1075," 有相当一部分造型、场景、特效难看到令人发指！唯一觉得还行的是刘亦菲，她这两年是有点进步了。这样只看星只看脸的片子如果随便就能爆个几亿十几亿，那批抄袭大IP接二连三拍完剧又拍电影，那对中国电影来说真的是连场噩梦。2/10
        "
看过,2017-08-03 19:43:36,很差,351," 富春山居图和封神演义为争夺史上国产最烂片大打出手，三生三世款款走来，马上恭敬退到一边，高呼“三生三世，烂片教主，千秋万代 一统江湖”
        "
看过,2017-08-04 17:00:19,很差,404," 你要是缺钱，可以直接开微博打赏啊
        "
看过,2017-08-06 11:54:48,很差,158," 看三生三世比看战狼2舒服。举个例子，看三生三世时总想上厕所，我根本不用担心错过剧情，想去厕所多少时间都可以。看累了还可以睡觉。战狼2就差远了。想上厕所只能憋着，只能等电影放完了才能去，这样对身体有多大的危害啊。而且全程聚精会神的盯着屏幕多累啊，眼睛都看酸了都移不开视线。
        "
看过,2017-08-06 23:06:21,很差,177," 特别棒！导演的心思你们都不懂，这明明是一部烧脑大片。剧情是三条线，你自己感受；演员表情不露山显水，你自己感受；服化道是国际T台的时尚，你自己感受。你们啊，说不好，是不懂主创的心，不该不该。
        "
看过,2017-08-03 08:47:44,推荐,1080," 电影的画面很美，服装真的很漂亮，仙女姐姐就是不一样，太养眼了，导演也很用心，抄袭的是原著与电影，演员都没有关系。值得一看
        "
看过,2017-08-04 21:05:06,很差,353," 虽然不是佳作，但我以为不至于那么差。结果现在都开始锁场和卖战狼资源了。。。吃相太难看。本来拍得就一般般较差，这真的是太败好感了。
        "
看过,2017-08-03 21:08:50,很差,1361," 演的是啥？中华小当家和咆哮马教主的爱恨纠缠？？
        "
看过,2017-08-03 20:58:00,很差,508," 散场时影厅一片哗然
        "
看过,2017-08-03 13:20:55,很差,1631," 这俩导演，一个是摄影师，一个是特效师，拍出来的电影特效很好，摄影很美，然后其他的就是一坨shit
        "
看过,2017-08-04 23:44:36,较差,186," 1 谁的鼻子是真的谁能当女主（整容脸玄女素锦相拥哭瞎）2 希望杨洋早日本色出演一个自恋水仙少年（昏迷都能演得这么装逼，影帝也做不到啊！）3 杨洋的帅哥包袱在表演，刘亦菲的美女包袱在选片4 看过影版才知刘亦菲多美，对比剧版才知杨幂多聪明 5道具服装组请自觉下岗
        "
看过,2017-08-04 15:00:32,较差,142," 花40块来影院吹了一百来分钟空调，看了个动物世界+舌尖上的中国之拉面的诱惑+泰坦尼克号般人体素描+东邪西毒之醉生梦死忘情水，然后还有各种尴尬到鸡皮疙瘩的梗。但我还是觉得这票买的冤枉！
        "
看过,2017-08-11 14:31:29,None,42," 刘亦菲真是再怎么丑都美
        "
看过,2017-08-07 23:56:52,很差,154," 太可怕了太可怕了 一个玛丽苏故事拍得毫无苏感 全程都替导演尬 唯有杨洋拉面的时候感到了各种调度的得心应手 #刘亦菲的颜值有三星 杨洋教主附体扣光了
        "
看过,2017-08-03 23:40:33,较差,320," 巴啦啦小魔仙大电影之刘亦菲杨洋带小朋友们做游戏。刘亦菲也是老牌古装仙女了，怎么老是一副大风车主持人蝴蝶姐姐的样子演出。恭喜杨洋，成了黄晓明Jr.，从此他是另一个邪魅狂娟的代名词。这个片子唯一作用是能把隔壁直男臭军警片稳稳推上30亿吧。还好我是单位发的赠票，不是脑残粉千万别去看。
        "
看过,2017-08-03 21:42:39,较差,481," 哇真的太蠢了，杨洋一副啊我真是帅死了的表情结果真的死了
        "
看过,2017-08-03 16:08:58,还行,560," 怎么说呢，不如三分钟的预告。带着粉丝滤镜也是尴尬的。美是美，故事没讲好，台词不大行，情感转折莫名其妙，特效渲染过度到像动画片。茜茜特色吼，杨洋大屏幕有点弱势。也算是见证了这个电影从选角到上映的过程，看得到诚意看不到成果，所以有点难过。btw茜茜电影资源太虐了，求姑娘好好规划啊
        "
看过,2017-08-03 19:02:42,很差,1218," 超级抄袭大IP还有脸上院线
        "
看过,2017-08-04 07:47:50,很差,336," 电视剧真的是良心改编！
        "
看过,2017-08-05 11:04:47,很差,217," 本以为作为颜粉我会强行好评，如今看来，我愿我仙早日遇着靠谱导演予她脱胎换骨的调教早日开窍。否则三生三世永不开花。买了四张票我真的很亏！
        "
看过,2017-08-05 11:58:57,很差,254," 好，不让提抄袭我们说说剧情和演技吧。。。。。。【谢谢大家，我说完了】
        "
看过,2017-08-03 21:08:29,很差,540," 辣鸡~一星给颜值
        "
看过,2017-08-03 21:56:38,很差,562," 给大家讲个笑话，整部电影的演技担当是电脑特效做出来的小妖怪迷谷。故事活脱脱就是一幕女性意淫的狗血肥皂剧，除去花里胡哨而且华而不实的奇幻仙侠外衣，影片简直上就是一部魔幻版《小时代》，男主在凡间出轨外遇女小三，原配不满各种作妖，最终天下大乱，真可谓是“一个女人作妖的史诗”，负分滚粗！
        "
看过,2017-08-03 09:00:15,还行,815," 你若是等过一个人，就知道，等的时间长了，就不再把再见当回事了。
三生情劫，三世深情。句句关心，声声含爱。眼里有情，话中有意。八荒四海，赴三生约。你若是等过一个人，你就会知道，等的时间再久，也会相信有再见的那一天。
        "
看过,2017-08-17 09:39:46,很差,47," 三生三世太久远，一分一秒皆煎熬。既然相见不相识，只好下面给你吃。
        "
看过,2017-09-03 22:08:47,很差,24," 前十五分钟就把今年份的猎奇心饱和了~
        "
看过,2017-08-03 21:03:20,很差,841," 我已经做好了无剧情只舔屏的准备！谁料造型师还坑我！！！！
        "
看过,2017-08-04 16:29:07,较差,78," 居然满座，九成女生加一成男盆友（说明啥？），就我一大叔端坐在蜜汁尴尬的一团雌性荷尔蒙气场中。剧情好生没趣，大龄剩女玛丽苏的人生YY。刘亦菲的眼睛里倒是有点内容了。
        "
看过,2017-08-03 20:07:32,较差,897," 我正在看，我一眼都不想看杨洋，看一眼都跟被毒气熏了眼一眼。这负分的演技笔直的肩颈油腻的笑容真逼得我看一眼扭过头一眼。身边还有现场妹子们看一眼一阵的喘息，好绝望。
        "
看过,2017-08-03 15:59:36,很差,1583," 特效烂 服装设计的审美让我质疑人生 刘亦菲顶个粉色灯罩在头上干嘛 罗晋的服饰不想吐槽了 演得gay里gay气 杨洋演技太尬人了 还有 编剧确定有职业能力 虎头蛇尾都不算 剪辑也是醉人 
        "
看过,2017-08-10 23:52:15,还行,42," 刘亦菲和杨洋真是无敌古典美颜；打光极诚实，一个苹果光也不给，仙人都黑黄黑黄的，连睫毛膏刷得打结了都看得见——想来男女主角皮肤是真好；劳伦斯许设计的戏服流于俗丽，有王霸之气而无仙气（仍旧是范冰冰龙袍风格，他的风格就是俗，耀眼，想想Elie Saab就知道差距），找他来设计仙人衣服真是败笔。
        "
看过,2017-08-06 00:37:09,很差,144," 《欢乐喜剧人》的对手出现了，杨幂此刻像奥斯卡影后，唐嫣看了觉得自己被形婚，杨洋演戏油腻程度再升级，每次对视都在说“我最帅”，并在新闻发布会大吼“我死了你们都开心对不对！”，阿里影业ceo因为脸太肿已住院
        "
看过,2017-08-03 21:55:05,很差,116," 欧式唯美婚纱摄影，还有两个男大姐
        "
看过,2017-08-03 13:29:37,较差,793," 抛开原罪只谈电影，如果不是媳妇儿执意要看，我绝对那这票钱再刷战狼2，从剧情，到人设没有看到一点诚意，全场都是，啊，我家杨洋好帅，服了，真的服了，这些人圈钱已经开始赤裸裸的，热门IP，流量小生，影楼画面，最后给两星，杨洋的盛世美颜和祭奠仙剑里的刘亦菲。
        "
看过,2017-08-06 20:20:37,很差,70," 全程尴尬，导演做了个自带特效的流水账PPT，赶场赶的很是焦急。自动代入震岳脸：我觉得这片不行。本片可以又名：三生三尬，十里爆炸。感觉刘亦菲得罪了道具师，造型完全Tony总监做的杀马特风。
        "
看过,2017-08-06 00:53:19,较差,50," 刘亦菲一定在和杨洋比谁说话更小声。单看这个剧来讲，刘亦菲比杨幂演得差很多，没有上神的气场，特别是说话不讨巧。杨洋除了帅，少了帝君的威慑力，还挺怀念赵又廷，当然颜值可以挽救一切。没看过电视剧或者书的会觉得剪辑很乱不明所以吧，跳诛仙台一段加星，结尾仓促。
        "
看过,2017-08-04 07:06:26,很差,344," 好歹是个大IP ，失望😔
        "
看过,2017-08-07 16:28:45,很差,116," ……我为什么要去看呢？说特效好的，这也就是电脑游戏宣传片的档次，演员全程尬演，配音也出戏，剧情更是莫名其妙。所以我为什么要去看呢？
        "
看过,2017-08-05 18:55:00,很差,153," 杨幂的演技终得以证明还是有一点的。
        "
看过,2017-08-03 21:02:30,很差,871," 《三生三世十里桃花》是一部只能用“美”来形容的电影，因为除了那刻意浮夸的特效和服饰营造了其所谓的视觉之美外，电影再没有什么东西能让人产生何般感触，极其糟糕的剧情，苍白空洞的人物，难见真挚的演技，都使电影所预想的虐恋给人带来的仅只是尴尬。
        "
看过,2017-08-03 23:59:26,很差,382," 扑街
        "
看过,2017-08-03 17:16:24,较差,382," 对小说和剧版都烂熟于心了，再看就只冲美颜了。但如果说赵又廷凭借整容式演技将夜华从秀发“无天”的可怕造型中拯救出来，那杨洋和刘亦菲就是用尬表情、尬台词把自己的倾世美颜给毁了，这难道就是传说中的“毁容式演技”？
        "
看过,2017-08-03 16:43:41,很差,429,
看过,2017-08-03 16:04:42,很差,1081," 三生三世十分闹心……杨洋的颜值我可以给五星的，但是剧情真的是一星都多…难看到想失忆…所以像我这种只舔屏忽略剧情的不受影响，如果纠结剧情的还是别看了，虽然很爱天仙但终究还是抵不过岁月啊……而且可能还需要瘦瘦了……
        "
看过,2017-08-03 09:33:16,还行,704," 电影特效很棒，杨洋刘亦菲古装造型很好啊，已经超出我的预期值了
        "
看过,2017-08-07 10:22:26,很差,136," 给杨洋的蛆粉增加点拉分难度
        "
看过,2017-08-05 21:21:53,None,82," 讲真的，看完了很心疼刘亦菲的电影资源。
        "
看过,2017-08-03 20:36:06,推荐,381," 梳头的场景，镜中倒影，让人想到当年的宝玉，七年了，我还是一直喜欢少年气质，文质腼腆的类型啊。两人都好，都美，哭了一把。结局就是有点仓促。
        "
看过,2017-08-03 22:53:17,较差,252," 时而类似网游，时而媲美好莱坞，特效好坏参半！原配害二奶虐恋，居然能一天票房就秒杀《绣春刀2》，谁说口碑管用？超级IP效应+明星热度+光线、阿里、儒意大公司营销力度，都注定阻碍品质与票房成正比！你说这是噩梦？但值得深思内在问题所在，这不是你随便打一星就能解决的
        "
看过,2017-08-04 23:59:50,很差,206," 杨洋示范了自恋多讨厌，刘亦菲说明了衰老有多可怜。
        "
看过,2017-08-05 10:52:13,很差,181," 这部惊悚片描绘了东皇钟毁天灭地以后的世界。只着玄衣的太子金晃晃的，一身简素的素素穿成了枝形吊灯。无米可炊的大厨只能拉面......所有神仙以及凡人还有颜值，但没有灵魂没有心。怒得去给电视剧版加了一星。
        "
看过,2017-08-05 15:56:18,很差,135," 我实在不知道怎么评价，毕竟从电影院出来我已经把自己眼珠子抠掉了
        "
看过,2017-10-21 10:50:42,较差,1," 非常期待，希望电影可以拍的更加美丽
剪的成碎片了，删掉了很多人和事
        "
看过,2017-08-03 21:54:38,很差,130," 一味追求华丽，却不把细节做好，烂特效。一味追求IP却不把剧本做好，烂故事。一味追求煽情，却毫无情感可依，烂音乐。一味追求造型，却不把基本吐字和情绪演好，烂表演。这部电影，只是中国电影人的极致缩影罢了，过度责怪不得。
        "
看过,2017-08-03 09:53:25,很差,1198," 服化道差的一笔就不说了，刘亦菲再一次靠渣对手证明了自己的演技。我以为微微里彷如女干尸的吻戏已经是杨洋装逼演技的底线，没想到三生里他还可以化身饥渴禽兽，能把吻戏床戏拍得这么装逼又猥琐真的好棒棒，就是刘亦菲的颜也洗不了我的眼镜。
        "
看过,2017-08-04 13:17:52,很差,198," 杨洋好帅，亦菲好美，电影好烂。
        "
看过,2017-08-03 22:57:45,很差,127," ？？？有事吗？我花钱干什么了？
        "
看过,2017-08-03 14:00:05,推荐,565," 电影不错，特效很厉害，被龙宫惊艳到，演员演技都挺在线的，杨洋眼睛真的会说话😍最感动的应该是那句“那样也好”虐😭
        "
看过,2017-09-08 08:34:56,较差,10," 竟然是既看过剧又看过电影的人了叉会儿腰！当初说赵又廷不适合古装大幂幂没有演技，但人比人得死，杨洋太年轻又好看不适合历经沧桑的角色，刘亦菲胖了好多妆又那么浓整个像是俩叛逆青年冲破牢笼的行为艺术。上来以为动画片动物园的春天呢！厨神广告雷死谁哈哈哈从头笑到尾！ps罗晋得罪了造型师吗？！
        "
看过,2017-08-03 22:25:22,很差,205," 讲道理，现在十八线小城的影楼都不流行这种审美了。啊这浓烈的高饱和五颜六色，这不中不洋的服化道，史诗级的灾难美术。开头青丘动物园那段我以为《白雪公主》开播了，龙宫场景又让我穿越到小神龙俱乐部。至于杨洋老师和天仙老师的表演嘛...大家有目共睹，起码被冰起来的杨老师还是勉强能看的。
        "
看过,2017-08-03 22:21:41,还行,150," 因为给安东尼导演做过口译，就去捧个场。讲真，跟之前的国产烂片比我觉得这个片都可以打四星了。特效确实赞。比想象的好。至于剧情，原著就那样扯淡，改编的也没有讲清楚。有感动的点，比小说强。原著感觉女主是很男孩子气的性格，刘亦菲太女性
        "
看过,2017-08-03 18:05:48,很差,790," 刘亦菲杨洋简直就是在尬演
        "
看过,2017-08-04 21:04:32,很差,156," 为中华电影崛起而打一星
        "
看过,2017-08-04 00:41:03,很差,411," 哈哈哈哈哈哈哈哈如我所料的一边倒差评，杨洋刘亦菲这种十年如一日的零演技演员一出马还能指望有好片子？
        "
看过,2017-08-09 10:50:40,很差,115," 抄袭的IP最好死翘翘。这个电影原作者竟然在微博蹭昨晚地震热度转发来给自己的抄袭洗白同时炒电影，为了钱，太可怕。
        "
看过,2017-08-03 20:41:39,较差,200," 40/100 一言不合就转世投胎，然后这辈子吃上辈子的醋，下辈子又爱上这辈子，年度烧脑大作。杨洋的面拉得不错，今麦郎、康师傅、海底捞赶紧考虑一下。
        "
看过,2017-08-08 13:00:46,很差,142," 如果不把他拉到四分以下，豆瓣真的不是以前那个豆瓣了
        "
看过,2017-08-03 16:33:23,很差,1061," 恕我直言，上次在电影院看到这么廉价这么烂的片可能是从天儿降。
        "
看过,2017-08-05 02:41:31,很差,176," 只恨豆瓣无负分。现在的演员赚钱太容易了，只要摆好造型，一张扑克脸演到底。杨洋，路还长得着。刘亦菲欺世道名的“天仙”，够了。
        "
看过,2017-08-12 10:10:04,很差,46," 日了狗了，是剽窃的啊
        "
看过,2017-08-09 23:37:58,很差,34," 杨洋只用面若冰霜和邪魅狂狷两种表情就演完了整部电影，假以时日，他一定能成功进化到只用一种表情表现所有情绪，成为中国的本·阿弗莱克。
        "
看过,2017-08-05 11:56:11,还行,68," 如果这部电影是一首绝句，首联是动物世界，颔联是舌尖上的青丘，颈联是离歌mv混剪，尾联是mmp。
        "
看过,2017-08-03 15:51:40,还行,151," 全靠两位主演的颜撑着了。我觉得电视的改编要好一点。
        "
看过,2017-08-03 15:03:31,很差,1105," 分分钟出戏 原音出戏 服装出戏 场景出戏 电影院笑声一片 好一个一本正经的“喜剧”
        "
看过,2017-08-03 17:23:52,很差,429," 之前算命的说我今年有一大劫，我躲来躲去也没发现是啥，直到今天我去看了这部电影。。。。受到了一次2D100的精神打击，san值清零了
        "
看过,2017-08-03 16:02:43,很差,807," 当郭敬明坐着它得达芬奇沙发，俯视上海滩得时候有没有想到如今他得一切都源自于梦里花落知多少呢？当他抄袭了这部自己所谓得成名作，并且摸到了成功得边缘时，会想到自己同样倒在了抄袭日漫得爵迹中么？黑得永远是黑的，或许大众会仰望你但不代表你得背景是白色的是圣光
        "
看过,2017-08-03 18:04:36,较差,685," 我错了！我怎么会来看这种垃圾！
        "
看过,2017-08-03 12:15:41,很差,928," 有颜值没演技，这就尴尬了，没看小说的可能看不懂啥玩意，还不如电视好看
        "
看过,2017-08-03 18:10:15,还行,170," 出于对小说故事的喜欢打分偏高。非原著及电视剧党极端不友好。电影剧情支离破碎。两个非常好看的人零cp感。
        "
看过,2017-08-03 21:06:01,很差,738," 估计是这几年看过最尴尬的电影了，白瞎了特技和颜值，要不是看你俩长得好看。。。。还是只能给，一颗星。。。
        "
看过,2017-08-05 20:02:53,很差,138," 真心不想看这等抄袭的影视改编，可还是被拖着去了。。看完啊果断想和杨洋分手，虽然你底子是好，可是你学SEI不好，非要学黄教主那我的帅能吞没全宇宙，有啥好啊有啥好！最失望是刘亦菲，十几年如一日就剩记忆里的惊鸿一瞥，原来不是选剧本眼光不好，而是0.1的演技根本不可能创造角色。
        "
看过,2017-08-03 18:08:09,很差,649," 油腻 画风氢气 杨洋真是没眼看 求刘亦菲好好接点戏吧 
        "
看过,2017-08-03 04:07:17,还行,1492," 没看过剧版，之前也对剧情毫无了解，直接看了电影版，感觉还不错啊！完整讲了一个循环故事，而且还不错的爱情故事。萦绕在脑中，久久不能散去，感触很深，赞一个！
        "
看过,2017-08-03 16:08:06,很差,1257," 呵呵……
        "
看过,2017-08-04 11:07:49,较差,135," 不管你是什么职业 只要你对起国家 社会 民族 家人 你就是再给中国梦的实现助力
        "
看过,2017-08-03 19:01:50,较差,510,
看过,2017-08-03 19:17:02,很差,500," “我就是来捞钱的别跟我谈什么剧情和演技。
        "
看过,2017-08-04 00:40:34,很差,306," 被同事拉去看了一个肥美的刘亦菲和厨神附身的杨洋…造孽啊！
        "
看过,2017-08-03 15:03:34,很差,1206," 这特效和剪辑还有造型设计真丢人...
        "
看过,2017-08-06 21:07:04,推荐,78," 我觉得还好啊，就是小说剧情被压缩的故事很快闪。平心而论，演技不说在线但至少70分了吧，不知道你们在苛刻什么。
        "
看过,2017-08-05 10:53:39,很差,387," 杨洋不要再笑了好吗实在是太猥琐了看得我尴尬癌都犯了 再见
        "
看过,2017-08-07 05:04:11,很差,123," 前半段节奏磨磨蹭蹭，婆婆妈妈扯了14万分钟的老神仙玛丽苏。后半段节奏莫名其妙，情节衔接像是电影学院没毕业的学生，该交代的不交代该铺垫的不铺垫，剧情运行像是开了闪现buff还尼玛带自动跳转的！除了罗晋演的那个骚呼呼的蓝凤凰几乎没有讨喜的角色。至于表演嘛……我不想以审视视角去评价不会演戏人
        "
看过,2017-08-03 13:44:42,较差,477," 给你一个客观评价～颜值很高，剧情一般，特效个人感觉其实还是可以的，演技没有，三星，原著抄袭扣一星。
        "
看过,2017-08-03 19:00:09,很差,472," 抄袭就是原罪
        "
看过,2017-08-07 07:05:51,很差,103," 没有对比就没有伤害，为电视剧版的每个人鼓掌👏
        "
看过,2017-08-03 22:20:33,很差,105," 太尴尬了…太尴尬
        "
看过,2017-08-05 11:01:08,很差,351," 杨洋太油腻了。仙姑都不能拯救。
        "
看过,2017-08-03 22:57:15,很差,181," 男演员在邪魅狂狷界后继有人，论自恋你洋赢的！至于电影，呵呵。
        "
看过,2017-08-09 23:37:16,推荐,36," 还不够虐，可以再虐一点。夜华代刑不足以赎罪，本就因他而起嘛，人仙恋人鬼恋中，面对考验，比他表现更好的情圣多的是，比起恋人来更重视幼崽，也有直男癌或繁殖恋之嫌。剧情尚可，表演过得去，视觉稍有新意，不说多好，能令大批俗人抢着抖机灵吐槽，可见也不差。刘亦菲男相，杨洋女相，好评。
        "
看过,2017-09-07 13:06:21,很差,11," 老夫遍尝烂片三十余载，但今天算是认栽了！
        "
看过,2017-08-05 11:37:33,推荐,35," 为了两位主演的颜～故事也就那样吧，但他们的脸太适合在大银幕上看了啦！
        "
看过,2017-09-23 23:22:48,很差,2," 一星给女神，其他都去shi吧
        "
看过,2017-08-05 11:51:46,很差,197," 集美食，杂技，伦理等元素于一身的年中喜剧大作。我从头笑到尾哈哈哈哈哈哈哈哈哈哈。
        "
看过,2017-08-09 21:41:22,还行,16," 刘亦菲没张力，但比怎么都不入戏的OL杨幂要强一点点。杨洋自恋多过深情，远不如赵又廷。3D效果国内顶尖。               
“如果你渴望得到某样东西，你得让它自由，如果它回到你身边，它就是属于你的，如果它不会回来， 你就从未拥有过它。”——大仲马
        "
看过,2017-08-03 21:09:49,None,343," 明明是三生三世，十里樱花。 看过预告片 就不需要看正片了。
        "
看过,2017-08-03 18:29:47,很差,322," 阿里真不愧是毒瘤，诠释没有最烂只有更烂。杨洋刘亦菲能不能滚出电影圈。
        "
看过,2017-08-03 16:23:18,很差,646,
看过,2017-08-04 22:09:06,还行,252," 没有差到一水一星差评的地步！！豆瓣这是怎么了？？？天仙的颜，惊艳的特效大家都看不到吗？最起码是尽力把故事圆回来了啊…仙侠剧里，做成这样，缺点很明显，优点难道没有？？？你豆厉害了
        "
看过,2017-08-04 09:28:49,很差,191," 抵制由抄袭狗的作品改编的电影，从我做起！
        "
看过,2017-08-03 22:37:18,很差,203," 作为刘亦菲老师的资深影迷，对其终于出演了一部鄙人看不懂的影片表示欣慰。
        "
看过,2017-08-03 16:07:01,推荐,452," 为了我的票钱~顺便为了综合一下恶意一星，改个四星好了~画面都很好看，特效也有很多可圈可点的，不知道打一星的人是真心的么？ 老凤凰很帅啊、刘亦菲演技还是有待提高、故事情节改编的不错，就是结局匆忙的有点看不懂，要不是看过书的应该有点捋不清。
        "
看过,2017-08-04 15:09:31,很差,264," 为抄袭大作贡献自己的一星不谢
        "
看过,2017-08-05 10:43:02,很差,280,
看过,2017-08-03 16:02:13,很差,820," 年度最佳，没谁了
        "
看过,2017-08-03 19:00:26,很差,547," 这部讲述村长儿子与他村老处女的故事，拍得还是蛮洋气的。
        "
看过,2017-08-04 13:57:19,很差,184," 就算刘亦菲再不会演还是比大幂幂好
        "
看过,2017-08-05 07:07:01,力荐,153," 本来做好了看烂片的打算，看到电影相当惊艳，无论是特效，颜值，还是演技、剧情都可以接受。剧版那么长，各种灌水，广告植入大家不说，还有杨幂含胸缩背的仪态实在辣眼睛，要不是赵又廷的演技，还真是看不下去。影版没有抢在剧版之前放映相当失策，可能是团队相当自信，所以只能说剧版团队更会运作…
        "
看过,2017-08-12 15:40:44,很差,35," 被匪婊恶心到了。。干脆去看场电影。。所有演员除了罗晋和李纯还算正常。。其他演技全部零分。。杨洋披发的造型很有感觉。。还是看好他的。。希望多接优秀导演的作品。。刘亦菲没救了。。服装简直丑到极点。。根本不是一本电影。。OST和脸部特写泛滥。。不断闪回镜头来充水。。野鸡导演背全锅。。
        "
看过,2017-08-03 23:54:40,None,62," 古装仙侠、玄幻被很多五毛特效的国产神剧搞臭了，电影质感到底是比电视剧强一百倍，画面很美。对杨洋无感，但他古装真的好看，刘亦菲不用说了就是水灵灵的仙儿。剧情嘛不要太较真儿，反正人家是粉丝电影，粉丝连海底捞扯面都能看high。俩导演都是搞视觉的，打戏比较暴露短板
        "
看过,2017-08-03 17:05:58,较差,147," 两分，多一分特效。剧情改的乱七八糟的。看了原著不推荐观看
        "
看过,2017-08-03 20:27:48,还行,43," 我尽力了……画面很好看，人也很好看，故事说的是一塌糊涂，我能怎么办，我也很绝望
        "
看过,2017-08-07 11:03:54,较差,37," 1.植物系演员，偏木。女主不够骄傲、洒脱，男主太过轻浮、单薄。2.叙事结构做了调整，看过原著和剧版的人不会觉得不知所云。3.特效加分。难怪要作为唯一一个重点宣传。4.故事没讲好，最后结尾真是一言难尽。5.台词不好，有地方会尬，但也没到听不下去。但奈奈的哭喊式台词，迷谷的吐槽，败笔。
        "
看过,2017-08-03 14:44:18,很差,708," 三生三世三D三分桃花
        "
看过,2017-09-03 17:50:58,很差,10," 浪费投影寿命……
        "
看过,2017-09-21 05:39:23,很差,10," 这种天庭杀马特风无论如何忍不了
        "
看过,2017-09-04 18:24:01,很差,6," 原以为此后再无影版《何以笙箫默》，万万没想到，比何以还尴尬的竟然来了呵呵…
        "
看过,2017-09-15 10:21:42,None,0," 杨洋哟
        "
看过,2017-08-03 21:49:43,很差,132," 之前从没看过这个故事。光看这个电影，让我觉得神仙是半点正事没有，特精通一键换装和多方位装X，几生几世都只知道谈情说爱生离死别，打个怪不做功课无脑冲撞，天庭还玩结婚典礼后宫争斗，动辄拿年龄和辈分划分等级的一群低等物种。
        "
看过,2017-08-03 00:25:18,很差,410," 男女主的cp感真心不强，比起情侣更像是姐弟，女主的气场从头到尾压着男主，让人无法入戏。
        "
看过,2017-08-04 22:31:27,很差,155," 如果可以打零颗星，我一定会的。
        "
看过,2017-08-06 18:55:39,较差,14," 男女主都很美，但是电影不美
        "
看过,2017-08-03 22:10:26,很差,157," 难看的说不出话来。。。。。。根本不敢相信有这么难看！本以为可以看脸也能勉强吃个爆米花，结果，你这黄不拉几暗错错的打光！！！缺打光组鸡腿了吗？？？阿里淘宝众筹鸡腿有十几万，没给你们加餐吗？剪辑是不是偷吃打光组鸡腿太多，忙着去厕所，所以特么把剧情1.5倍剪成一坨屎！
        "
看过,2017-08-05 19:34:23,还行,16," 刘亦菲自带仙气，实在太适合演仙女。但是，姑父，还是赵又廷牌的好。至于很多人说烂，我觉得以这个原本故事的档次来说，电影呈现算不错了，电视剧档不喜欢大概都是因为电影版没挖眼睛，觉得不痛快。
        "
看过,2017-08-05 11:07:12,很差,153," 服装师首先枪毙一下
        "
看过,2017-08-06 03:06:56,很差,214," 无法喜欢杨洋的颜 一颦一笑都很作
        "
看过,2017-09-03 13:45:44,较差,3," 哈哈哈哈哈哈，电影篇幅问题剧情肯定和微微一笑一样飞一般快速播的了。特效是真用钱砸出来的，刘亦菲是真仙仙仙美啊。问题是煮个饭拍得跟美食节目一样？那个从红楼梦走出来的杨洋也变了？！
        "
看过,2017-08-04 10:39:52,很差,59," 意淫片，鉴定完毕
        "
看过,2017-08-03 23:28:50,较差,83," 什么j8鬼哦？杨洋的演技是黄晓明手把手教的吧，全片除了我茜和严宽的盛世美颜有点看头，其他全部吐槽都无从下口。故事改得一塌糊涂就算了，如果能稍微有点逻辑和剧情我还能试着接受，但都他妈没有。四大凶兽变一颗大树。折颜变成死娘炮。连一个完整的故事都没讲清楚。一星给我茜一星给严宽，的颜值。
        "
看过,2017-09-04 13:32:05,很差,5," 【D】评分虚高，过誉了
        "
看过,2017-08-09 23:27:12,还行,11," 挺好看的啊，一星都是什么鬼
        "
看过,2017-08-05 00:17:38,很差,74," 我的眼睛，应该还给我了！
        "
看过,2017-08-06 18:20:30,很差,60," 矫揉造作
        "
看过,2017-08-06 19:02:16,较差,49," 2.9星。1.三世浓缩成109分钟，铺垫不够感情进展过快。2.剧版素锦也这么蠢么？要是在甄嬛传里第一集就得死。3.特效不止五毛有九毛。（三打白骨精大概两块五）4.神仙姐姐仙气不再，肉肉的下巴，岁月的痕迹。杨洋相比之下扮相尚可，演技不够，低音炮来凑。5.夜华夫妇乃拉面界高手。6.剧版不会就此封神了吧
        "
看过,2017-08-03 14:28:02,很差,695," 好看 年度最佳 无敌了
        "
看过,2017-08-05 12:08:12,很差,178," 抄袭电影一星都不配。
        "
看过,2017-08-04 11:39:57,推荐,177," 没大家踩得那么烂，也没粉丝吹得那么好。其实看得出主创很想打破传统古装片的局限，搞一个东方魔幻出来。不过造型跟三打一样，创新有的，但观众不一定能吃得下。很多场面很有想象力，大战部分很燃。如果没考过原著或者书，反而能接受这个改编得比较精简的故事。主演完成度不错，看的imax，视觉享受
        "
看过,2017-08-04 22:26:14,很差,35," 赤橙黄绿青蓝紫
        "
看过,2017-08-05 09:10:01,None,147," 我昨天竟然去看了这个史诗级瞎眼大片！！！老身眼瞎了！！！！啊啊
        "
看过,2017-08-03 22:31:44,很差,135," 尬演了都 天仙姐姐发福了哟
        "
看过,2017-08-05 11:02:47,较差,78," 先天不足，对感情着墨太多，架不住剧情，但偏偏观众都知道剧情。于是观影的时候就太过于无聊。生不逢时，前有剧版的成功，影版没能凸显电影的优势，就成了劣势，加之近段时间战狼2的良心之作，让大家对电影有些苛刻了。于是加剧了不满。
        "
看过,2017-08-03 20:19:12,很差,202," 卧槽难看死了 没预告片一半好看 一对比剧真的好看多了 电影根本不知道在讲啥三世连一世都没好好讲完
        "
看过,2017-08-03 21:18:17,很差,102," 杨洋颜值满分，然而电影负分，平均一星。
        "
看过,2017-08-04 10:00:52,很差,153," 我在YouTube上瞥了一眼，我们抛开抄袭不说，这个也太尴尬了。两个人台词功底差不说，导演的跟小学课本剧似的。
        "
看过,2017-08-11 05:25:52,很差,68," 一坨屎真的不用尝了才能说屎难吃！
        "
看过,2017-08-05 11:42:59,很差,114," 😳剧情跟电视剧的比，没有太大的改动，就是刘亦菲的衣服不好看，杨洋的衣服就好看，不过他演技就算了，😊我还是喜欢电视剧版
        "
看过,2017-08-03 12:38:38,很差,725," 尴尬癌，我为什么在这里
        "
看过,2017-09-18 03:01:17,较差,4," 大型快进mv看完了！凤凰和刘亦菲配一脸啊还要那个夜华干嘛？？？如果是讲凤凰和刘亦菲的爱情故事的话我给四星 还有剧里看起来夜华完全就是一个渣男啊还要他干嘛 还是凤凰好 我站凤凰 
        "
看过,2017-08-06 11:35:06,很差,113," 年度最烂史诗抄袭，小鲜肉+热门IP+高片酬+磨皮婚纱摄影=烂片没准了！
        "
看过,2017-08-03 17:07:37,较差,287," 超级难看超级难看超级难看，讲的什么鬼也不知道，不要看不要看不要看，剧情跳跃，服装雷人。一分给特效，一分给杨洋刘亦菲颜值
        "
看过,2017-08-03 15:44:06,很差,460," 杨洋把夜华演成了一个真登徒浪子，前面对白浅不是追求，是骚扰吧。剧情比较幼稚单薄，但特效不错，可惜花花绿绿的造型和配色又很显廉价，婚纱影楼风。
        "
看过,2017-08-05 11:31:15,较差,38," 也是昨天刷的，看朋友圈有人评论这部电影好像被反抄袭的人批评得狗血淋头，好恐怖。不过电影既然上映了，就先抛开抄袭来评价，一分给天仙一分给羊，不能再多了。。。
        "
看过,2017-08-08 11:56:57,很差,121," 我记得央视有个良心栏目，第十放映室，在没停播之前里面说过这样一句中肯的话:中国的电影水准始终停留在这个水平上，很大一部分和观众分不开。看着微博上那些吹捧此片的观众，瞬间感觉烂片市场无休止。
        "
看过,2017-08-06 00:33:27,较差,14," 视效上走得是迪士尼真人童话风，基本上已无仙气了。若不是刘亦菲的鹅蛋脸和杨洋的高冠束发，半点古风都没有。故事不好，讲得也不好，好像那种一男一女的家庭剧，偏偏又要围着表面的柴米油盐闹别扭。刘亦菲演得还不错，她的状态感觉做好演员的时机已经到来。三世情缘的时空把控还算OK。
        "
看过,2017-08-11 07:41:05,很差,70," 比电影更傻逼的是粉丝
        "
看过,2017-08-10 00:24:37,较差,29," 两人生动诠释长得天仙又怎么样？路人好感不错又怎样？还是演烂片。杨洋这么好苗苗的一个人，就眼睁睁变成了第三个黄教主，第二个张翰。直往着耍帅自恋奔去。他的喜爱早就消灭了。真是可惜。两人说话一点古装感都没有，更不要提和剧版比了。拍的什么玩意。（刘亦菲眼睛感觉残了，假睫毛关系？）
        "
看过,2017-08-03 22:51:34,很差,64," 难得看到一部没有任何看点的电影
        "
看过,2017-08-11 04:22:37,很差,66," 为了负责自己的评分我看了枪版......草泥马这特么啥玩意儿！史上最差没有之一，可以吐槽三生三世！妖孽版迪士尼过家家，猥琐拉面师傅夜华，你俩对戏的时候是看谁更尬吗？！特效？你就用绿幕得了呗！抵制抄袭！看得我上火来气！
        "
看过,2017-08-04 10:49:29,None,145," 四海八荒，第一尬片；三生三世，十里拉面。油腻夜华，损煞天仙；一星嫌多，滚粗烂片
        "
看过,2017-08-04 12:49:25,很差,256," 想把杨洋的脸打烂。
        "
看过,2017-08-04 09:09:32,力荐,175," 剧情稍弱，但也不至于看不懂，美轮美奂的画面，男女主角的颜值和演技（并不觉得刘没有演技，杨稍逊之），再怎样不至于只得4.3分，打5星中和下评分~
        "
看过,2017-08-03 20:43:13,很差,276," 服化道特别可怕，每个人穿着十八线县城影楼婚纱乱跑，比西游记里的妖怪还妖怪，还有台词和特效，年度羞耻感一位！看完我手臂青了好几处，为了不让自己尴尬得叫出来！导演完成了一次对<幻城>的伟大致敬，张嘉佳看了都想来一场尬舞比拼！
        "
看过,2017-08-04 08:38:06,很差,216," 老天是公平的，它给了刘亦菲很美很美的颜，给了杨洋很帅很帅的脸，同时也给了他们很臭很臭的演技（居然删我评论，那我就再强调一遍）
        "
看过,2017-08-06 22:09:51,还行,37," 作为一个一点都不知道剧情的观众来说，我倒觉得还不错。起码剧情圆的蛮圆满的，而且这特效绝对是五元级别的，比长城强。
        "
看过,2017-08-03 08:58:06,很差,693," 垃圾电影
        "
看过,2017-08-03 17:10:13,较差,259," 我竟然没有中途离场！别的不说，如果能把用在电脑特效和服装的钱分点给编剧和配乐多好，至少不会这么违和了。
        "
看过,2017-08-03 16:07:00,较差,143," 哎呀要怀着一星的心态看，然后发现cg还是过得去的，你看就比期望值高了一星，美滋滋。反正不当电影看
        "
看过,2017-08-03 07:49:16,很差,732," 龙比演员更有戏系列，呵呵
        "
看过,2017-08-03 10:46:26,很差,1090," 瞎拍瞎演。
        "
看过,2017-08-03 20:07:39,较差,251," 3D动物世界 真正的尬
        "
看过,2017-08-04 02:46:40,很差,370," 杨洋太装了，电视剧都够烂了，想不到电影更烂。
        "
看过,2017-08-03 20:56:54,很差,277," 看完电影，简直想给电视剧打满分。相比杨洋，赵又廷简直完美的闪闪发光！看到折颜一出场的宝蓝色鸡冠子我就惊呆了，仿佛在看于妈的雷剧，以为自己心脏已经足够强硬了，没想到后来刘亦菲的粉红色门帘子才真正给我整懵逼了。想让他俩穿这一身往钟上一站，跟擎苍玄女斗个舞。
        "
看过,2017-08-03 18:00:27,很差,385," 太可怕了太可怕了我可以理解发抽奖微博求大家别看电影的博主们了
        "
看过,2017-08-04 22:00:30,较差,80," 全程震惊脸，不夸张。因为我对网络小说和电视剧都隔离的很彻底，陪妹子来之前完全不知道剧情。然后电影看完了也是一头雾水。其他人的吐槽很详尽了不想多说。怎么港，我对妹子是真爱。妹子对杨洋是真爱。
        "
看过,2017-08-03 20:58:37,还行,75," 刘亦菲杨洋个人时装秀 刘亦菲全程婚纱 可是为什么不画口红 为什么折颜是一位妖娆大叔（是的 我满足了guilty pleasure
        "
看过,2017-08-03 18:58:35,很差,273," 刘亦菲好看，全片最喜欢的是妖们化为原型的那段。抄袭剧情不做评论，画面不错，3d特效约等于没有。提前离场的人蛮多。
        "
看过,2017-09-17 02:10:16,很差,7," 看完居然觉得拉面那段没有想象中尬 因为整部电影比拉面还要尬的地方太多了
        "
看过,2017-08-09 14:07:24,很差,60," 我没看，我特么就是想打一分，为中国电影事业做贡献。就是这种智障片子太多，才造就了那么多脑子有水审美偏差的粉丝。
        "
看过,2017-08-04 21:09:13,很差,275," 难看到令人发指。台词演技都尬到爆炸。没想到杨幂居然能比刘亦菲演技好。
        "
看过,2017-09-05 08:28:04,较差,5," 1.我就是这么恶趣味，看烂片然后欢乐吐槽；2.全景动画和不超过7个主要角色也叫斥巨资了？3.刘天仙胖了，披肩长发，连个发型都没有也是醉了，几场声嘶力竭的悲痛戏我觉得她嗓子肯定喊哑了，杨洋俨然一个移动精美雕塑，两人都自顾不暇的演技真是尴尬至极；4.罗晋哪里老凤凰分明一只娘炮花鹦鹉……
        "
看过,2017-08-03 15:58:59,很差,653," 能不能有点演技再来当演员
        "
看过,2017-08-05 11:21:55,很差,43,
看过,2017-08-03 20:44:52,较差,130," 这电影是给电视迷看的吧 这狗屎一样的剪辑傻逼得让人看不懂到底说了什么鬼 配上莫名其妙乱糟糟的打斗不伦不类的笑点 就算是华美服饰布景和美轮美奂的特技也阻止不了一往无前的扑街 更别说有气无力的女主和演技油腻生硬的杨洋了。唯一收获应该是因为沟 我终于get到了刘亦菲一丝丝的美了
        "
看过,2017-08-05 10:34:55,很差,94," [2017.8.3 SFC宝山]你们 到底在纠缠什么！这些魂啊魄啊几万年几世到底怎么乱揉在一起的！ 仙女 你的妆面为什么还没有杨洋干净！（再也不为刘亦菲的颜乱看电影！
        "
看过,2017-08-13 20:43:13,很差,36," 电影院的座位很舒服，墙面的吸音板的颜色不好看，地面是地胶地面，台阶部分是地毯，但是台阶没做led回光，可能会影响观众安全，影院装修风格整体偏老气，可能不大适合年轻观众。
        "
看过,2017-09-17 21:50:25,很差,4," 每个月都忘了取消爱奇艺会员的自动续费……刚才点开看了一眼这个电影……真的是惊天地泣鬼神的烂……感觉看下去的动力就是想知道后面还能烂成什么样
        "
看过,2017-08-05 10:49:24,很差,174," 打个一星聊表敬意
        "
看过,2017-08-05 11:02:41,很差,159," 说什么好呢～
        "
看过,2017-08-04 13:51:45,None,111," 烂片的唯一作用就是看影评搜集表情包
        "
看过,2017-08-03 18:25:36,很差,26," 开机的时候我就知道不会好，但真是没想到烂成这样..
        "
看过,2017-08-05 12:09:35,很差,99," 特效挺好的，ymls辛苦了
        "
看过,2017-08-06 19:45:26,较差,28," 朋友送一张见面会第一排 吐槽满满 很怕被粉丝暴打
        "
看过,2017-08-03 15:56:51,很差,737," 我为什么要来看这个鬼东西...为什么没有零星可以给...这是个电影吗？什么乱七八糟的鬼玩意儿...
        "
看过,2017-08-05 11:04:45,很差,245," 剧情？不存在的。演技？不存在的。拜托粉丝不要刷屏了好吗！抄袭可耻！
        "
看过,2017-09-12 13:10:34,很差,5," 边打扫卫生边看了，一开始迪士尼味道。总之，叙事，演技，台词，都没在线。就连刘亦菲的颜，因为一直涂浅色口红，都下线了。
        "
看过,2017-08-05 11:25:40,很差,47," 人美没用，审美啊主要是审美。
        "
看过,2017-09-09 22:01:27,较差,4," 1.编剧是赶着去哪里吗？我觉得剪辑也是够厉害的了，30集压缩成100分钟…2. 拉面不要太好笑...3.折颜上神真的好像一只公孔雀 4.演技实在有点捉急…忍不住真的要说大幂幂还是有演技的，杨洋和赵又廷就更不用比较了…
        "
看过,2017-08-05 21:10:04,None,67," 所有看过的影片中的最烂，没有之一，不想打星星
        "
看过,2017-08-04 09:54:32,还行,76," 至少也是三分吧，摄影师转行做导演成功的不多，至少比《钟馗伏魔》的鲍德熹要强啊，也许因为此片比彼片更舍得砸钱！
        "
看过,2017-08-04 02:04:43,很差,273," 不能接受我身边有个隐藏羊毛 她说没人陪我也就答应跟她去看了 结果她全程激情尬吹yy……我中途去卫生间刷了20分钟微博👋🏻其实有些场景做的还是挺好看的 所以一星👌🏻
        "
看过,2017-08-05 10:52:40,很差,127," 六六六
        "
看过,2017-08-08 13:46:16,很差,77," 我就看你们脑残粉不顺眼，来踩踩
        "
看过,2017-08-05 10:43:50,很差,170," 感谢热搜，让我想起来忘了评分。
其实你们都错了，这是部喜剧。

        "
看过,2017-08-03 21:09:20,还行,192," 在视觉上是电视剧的高配版，但情节上却薄弱许多。需要先看过电视剧，否则会不明就里。
        "
看过,2017-08-03 21:32:49,很差,127," 《三生三世十里桃花》3D：痴缠了三辈子只为搞清“你爱的是不是我”这个无解的问题，而模棱两可的结尾也惹了原作粉。当剧中人总也没有观众聪明时，电影就只担负起一种感性作用了：给妹子们花痴用。不管是雷人、荒谬还是肉麻，娱乐一下倒也无妨。音乐还不错，可这种电视剧级别的特效就别拿来做IMAX了。★
        "
看过,2017-12-18 09:09:53,很差,0," 崩溃
        "
看过,2017-08-03 11:35:59,很差,669," 廉价。特效一直是中国电影的短板。仙侠类作品是很有中国文化元素和审美形态的类型片，目前为止没有看到大荧幕上的满意之作，何况这部剧。
        "
看过,2017-09-15 12:41:21,很差,12," 拍的跟闹着玩似的。受刑、剜眼、掉诛仙台，全都毫发无伤的嘛？另外凤凰不是山鸡，整体配色服装都太尴尬了，技术再高也是为人服务的，无论怎样，审美都要高于特效吧？演技就不吐槽了。
        "
看过,2017-08-03 21:09:39,很差,263," 陪我妈看
        "
看过,2017-08-04 23:04:02,力荐,51," 各位，觉得剧情不好的请看看脸！！！！
        "
看过,2017-08-05 10:58:11,很差,161," 垃圾电影抄袭作品负分滚粗，去看的不是两家粉丝就是无脑电视剧粉和书粉了吧，心疼你们
        "
看过,2017-08-17 22:20:46,很差,16," 垃圾抄袭电影。
        "
看过,2017-08-03 21:56:51,很差,134," 罗晋完美的演绎了活了几十万年穿着彩虹裙子孤独看守桃花林的山鸡精，兰花指抛媚眼的技术封他是这片子最佳演技应该没异议吧。看完全片感觉魂魄都快被吸没了，真的是想忘的都能忘了。
        "
看过,2017-08-04 10:09:15,很差,217," 抄袭大风刮过的《桃花债》，望周知。还有粉丝在八组装路人尬吹掉皮还删帖了，以及刚刚在微信里活捉一个某羊粉丝装路人尬吹绝口不提抄袭的事，一直在吹演技和画面。
        "
看过,2017-08-05 10:49:24,较差,66," 好烂！！乱七八糟的叙事！要看颜也不能好好看！我不明白怎么有家长带小孩来看！不中不西的服化道，不知道该做什么表情啊！！男女主角根本没火花，感情戏做的好烂！夜华其实才是女主好么！根本没啥鸟用！
        "
看过,2017-08-05 20:25:00,很差,22," 哈哈哈哈哈
        "
看过,2017-08-03 11:57:32,较差,404," 恭喜天仙又收获烂片一枚。不得不说刘亦菲挑戏的眼光才是四海八荒无人能敌……还是好好地看我的灵儿小天使吧(´；ω；`)
        "
看过,2017-08-06 11:08:51,很差,134," 一直期盼着这个超级大烂片的上映，因为知道以阿里那种看不起编剧的态度，对抄袭的追捧，不专业的团队，刘亦菲和杨洋的烂演技，一定可以创造出留名影史的垃圾，让唐抄抄的恶名被更多人知道，现在真是不孚众望啊。年底金扫帚和豆渣奖见吧。哈哈哈哈
        "
看过,2017-08-03 18:00:32,很差,444," 我是谁？我在哪？我为什么要看这个？
        "
看过,2017-08-09 22:09:27,很差,52," 打1星是因为，没有0星
        "
看过,2017-08-05 14:22:35,较差,37," 你们爱的真容易。
        "
看过,2017-08-04 12:53:13,推荐,128," 五星打3星半，特效挺惊艳的，还有打戏也很燃，就是打戏篇幅比较短啊，电影跟原剧本有点差别，不过电影里这样改编也是算合理的，反正我看明白了。刘亦菲演技比杨幂好的很多，全场戏都是她一个人撑起来的，尤其喜欢素素这个角色。不过剧组服饰真的太…如果服饰更古装一点，还可以加半星。
        "
看过,2017-08-03 22:41:50,很差,143," 我觉得这个片子的所有主创都应该因为做了这种东西而寝食难安。（除了拉面师傅
        "
看过,2017-08-05 11:52:09,很差,112," 一分不能更多 尴尬到分分钟要夺路而逃
        "
看过,2017-08-03 22:47:27,很差,118," 它要是能好了才怪
        "
看过,2017-09-03 16:57:09,较差,10," 有了杨洋的比较，赵又廷的演技真不是一般的出色惊艳
        "
看过,2017-08-03 21:04:49,很差,340," 一星给刘天仙，不能再多了。
        "
看过,2017-08-03 14:38:07,很差,776," 哎 不出所料的垃圾！被某洋的演技亮瞎了！
        "
看过,2017-08-04 21:19:21,很差,15," 杨洋实在是太尬了，剧情也太糟糕了，粉丝真的别昧着良心给五星了
        "
看过,2017-08-03 23:16:43,很差,100," 烂片预定
原著抄袭
演员演技又渣
服装不东不西
水土不服的“大片”
        "
看过,2017-09-04 21:29:28,较差,2," 跟打翻了颜料罐似的，饱和度调太高了。刘天仙依旧无表情面瘫脸演全程，对白完全看不下去，快进着看完就没那么尴尬了，特效很廉价，比长城更塑料花，打斗镜头比悟空传更像网游广告。真的是猎奇才看的……
        "
看过,2017-08-04 22:00:35,很差,140," 从未见过如此骚气之折颜～
        "
看过,2017-08-12 23:37:56,很差,27,
看过,2017-08-07 02:09:41,很差,73," 好尬啊。。。剧情尬、服装尬、场景尬，表演尬，剪辑也是又碎又尬。。。佩服在电影院里坚持看完全场的人。书里面外婆最讨厌的人是素锦，没想到电影版里她是最值得钦佩的，起码敢爱敢恨，演技还在线。
        "
看过,2017-08-03 16:20:20,很差,191," 短评已经四千多个了为什么豆瓣仍然显示暂无评分？
        "
看过,2017-08-04 04:30:30,很差,259," 抄袭
        "
看过,2017-09-12 11:23:15,很差,7," 刘亦菲演的我尴尬癌都犯了
        "
看过,2017-08-05 11:31:19,很差,44," 一点围小的贡献
        "
看过,2017-09-03 17:30:55,很差,4," 我承认，我就是不喜欢杨洋的装逼耍帅用力过度以及他的锁场脑残粉们！
        "
看过,2017-08-10 02:58:51,很差,48," 片尾演职人员表还有拉面师傅 这个海底捞扯面技术可以说很用心了
        "
看过,2017-08-10 02:26:45,很差,48," 本来对高颜值有所期待，但是看了前二十分钟就尬到不行了，还以为是动画版的动物世界，杨洋做饭那段跟切水果游戏神似，以及真不是给拉面做广告的？男女主在我心里要好长一段时间洗不白了
        "
看过,2017-08-03 17:55:08,很差,253," 即使你对国产电影的叙事已经不抱希望 本片仍然用cos社团借来的服装、页游水平的特效以及古偶等级的布景和造型共同营造出的魔幻主义廉价质感 刷新了你对电影的下线
        "
看过,2017-08-03 21:00:49,很差,304," 中华小当家夜华
        "
看过,2017-08-03 16:18:31,很差,99," 我花五十块钱，看了一个小时的人与自然和刘亦菲并不怎么美的哭脸，绝望……等着，我要去给杨幂版三生三世打五星好评
        "
看过,2017-08-04 21:09:52,还行,22," 看衣服看特效看妆容 别的不看
        "
看过,2017-08-09 17:38:11,None,18," 一杯白开水兑一杯白开水，淡到家了，坚持了20分钟后实在很可惜自己的时间。
        "
看过,2017-08-03 21:04:57,较差,238," 如果没有看过电视剧，估计是真的不知道在讲什么～
        "
看过,2017-09-15 13:34:50,很差,7," 真不敢相信，我居然快进快进看到底了。两个颜这么高的人，预算这么高的电影，是怎样的努力才能变得这么难看啊！     真的，这个问题我百思不得其解
        "
看过,2017-08-10 10:40:02,很差,47," 打负分吧，，简直如坐针毡！两位颜值这么高的演员，但凡稍微用点心，演技也不会如此不堪。天仙这么美都挽救不了这部烂片。事实上，天仙选剧本一直有问题。怒其不争啊！
        "
看过,2017-08-03 21:09:46,很差,270," 杨洋yo
        "
看过,2017-08-03 16:37:15,力荐,238," 啊啊啊啊啊啊啊好好看啊!
除了智障一样出戏的迷谷其他全无缺陷
故事满分
配乐音效满分
画面稍差
演员颜值演技满分
择日二刷!
        "
看过,2017-09-04 13:15:33,很差,2," 电影版实在太可怕了，造型简直是灾难。看了开头还以为是人与自然，什么乱七八糟的啊！
        "
看过,2017-08-04 10:07:23,很差,198," 一锅五彩斑斓的屎。
        "
看过,2017-09-12 13:38:06,很差,7,
看过,2017-08-03 23:34:23,很差,105," 天天有喜电影版，济公电影版，巴啦啦小魔仙成人版。
        "
看过,2017-09-23 14:30:21,较差,1," 00后的世界就是想象力创造力停不下来的网游、修仙o(≧v≦)o~~英文片名原来叫once upon a time，8月11日北美同步上映o(≧v≦)o
        "
看过,2017-08-06 12:56:57,很差,64," 《一生一世》是部烂片，那《三生三世》岂不就是比它烂三倍？今早免费观影团去看了下，感觉比它烂了30倍，因为还有十里桃花，所以应该这么算：《三生三世十里桃花》=《一生一世》X3X10
        "
看过,2017-11-23 23:48:27,很差,2," 侮，辱，电，影。
        "
看过,2017-08-04 01:16:56,较差,29," 一星给天仙的脸，一星给团子。
        "
看过,2017-08-06 21:07:13,很差,78," 我的天啊！我怎么会去看这么烂的片子
        "
看过,2017-08-05 20:26:08,很差,51," 特效按工业角度还算可以，其他…唯一及格是分清了狐狸和萨摩耶。电影里雷劈的是鬼族，戏院里雷劈的是观众，为啥还看到《泰坦尼克号》？？？刘亦菲演技千年不变小龙女，杨洋演的就是个登徒子，都让人讨厌
        "
看过,2017-08-12 21:44:17,很差,38," 不知道影片除了一星特效外，其余演员拍摄部分要花多长时间?不是原著党，全程如坠雾中，电影连个完整的故事都讲不清。神仙像小孩过家家一样幼稚可笑，情爱都来的如此没有逻辑和原因，无所谓相爱，无由头相杀。很无聊，浪费钱财和生命～杨洋确实帅出天际，刘有演技?怀疑她就没喝过酒，做作生硬令人尴尬
        "
看过,2017-08-11 12:39:03,很差,31," 令人绝望的服化道，已经消失的剧情，以及最可怕的演技。这部戏就是来证明，原来逆天颜值也挽救不了的演技真的存在。
        "
看过,2017-08-09 13:02:30,力荐,20," 豆瓣八组的这些患有歇斯底里的女人们真的非常痛恨小鲜肉啊...她们就这么需要留着胡子的男演员拍的硬汉电影吗？
        "
看过,2017-08-04 13:21:34,很差,25," 看一看制片是谁你会回来赞我的。
        "
看过,2017-09-12 15:58:20,较差,5," 这个PPT做的还行
        "
看过,2017-08-09 13:28:14,较差,20," 连我这种爱情至上主义者都嫌弃它小情小爱，格局太窄。
        "
看过,2017-08-04 18:22:26,较差,12,
看过,2017-08-03 16:51:38,很差,171," 为什么豆瓣没有零分...最好看的一段是杨洋做饭，很有统一老坛酸菜广告的味道
        "
看过,2017-08-07 06:58:51,很差,70," 标签应该是这样的，抄袭，垃圾，脑残粉，扑街了该。
        "
看过,2017-08-04 21:55:32,较差,12," 我的感受就不说了反正我也是为了友情,但看电影的时候感觉到了隔壁电视剧党的不满，也是结局莫名其妙，唯一爽点挖素锦眼睛没了，两演员演技发挥太不稳定，台词尬死，唯一也就发现杨洋哭戏演的还行，刘亦菲浮粉还双下巴好尴尬
        "
看过,2017-08-04 20:53:47,还行,40," 对于没看过书没看过电视剧，不粉杨洋也不粉刘亦菲的我，其实还不错。夜华头发太长，以至于扑倒浅浅的时候我以为打开了les戏→→
        "
看过,2017-08-08 18:34:17,很差,51," 黄教主后继有人啊
        "
看过,2017-08-03 08:34:48,还行,225," 忽略抄袭本身来讲，电影还算有些许用心，这个古风没有雷的那么尴尬，服饰造型特效演技都是可以的，杨洋还是气场没有压住，所以整片都感觉是女强男弱，cp感不太强，如果只看颜值不看内容算及格吧。
        "
看过,2017-08-03 20:51:50,很差,79," 杨洋为何是海底捞的甩面小哥！ #海底捞小哥颜值要这么高我也天天去吃
        "
看过,2017-09-04 08:40:19,很差,1," 于是你们到底要说什么？不论是电影小说还是电视剧……有一个能说人话的吗？
        "
看过,2017-08-05 15:48:06,很差,71," 恕我直言，演这种抄袭作品的演员都是辣鸡，去给这种抄袭作品贡献票房的人也一样。
        "
看过,2017-08-03 23:01:51,很差,130," 这么大的阵仗，却用来谈恋爱………以后这一类的题材，拍电视剧、网剧，写网文就行了，拜托不要再拍电影了，拜托！
        "
看过,2017-08-04 01:24:18,较差,18," 故事表演都没带任何期待，完全冲着画面来的…然而赵老师您对画面的掌控力在哪里？许宏宇的剪辑是怎么回事（虽然这片剪得糟肯定是导演的锅）？美术就不提了，西游记都比这强。
你们咋做到把这么好看俩人拍那么丑的？那么华丽的场景最后是咋弄成这页游质感的？某段与神秘村相似度极高的配乐是怎么回事？
        "
看过,2017-08-10 12:04:06,很差,51," 速度刷完枪版，放心地打上一星。
        "
看过,2017-08-08 23:00:54,还行,4," 如果是杨洋在四大名捕里那个角色的感觉演夜华，就对原著了吧，这里面稍微油了点。颜值和激情桥段都超越电视剧，感情线上更贴合原著。
        "
看过,2017-08-18 07:34:08,None,11," 杨洋这是隐形代言海底捞了？
        "
看过,2017-09-12 12:55:09,很差,6," 为啥没有零分！刘亦菲的电影真的太可怕了 希望天仙接点好剧吧
        "
看过,2017-08-06 20:46:03,较差,10," 陪同妹子观看
        "
看过,2017-08-04 22:49:54,很差,18," 不知道要表达点什么？还有墨渊和夜华算怎么回事？借尸还魂么？
        "
看过,2017-08-08 13:47:19,很差,65," 呵呵①小说抄袭桃花债②电视剧海报盗用原创画手画作③书签盗用原创画手画作④百科图片盗用原创画手画作⑤页游盗用魔道祖师同人曲⑥电影应援盗用盗墓笔记同人曲⑦电影海报盗用原创画手画作⑧电视剧盗用昆曲名家录音⑨电视剧海报抄袭快乐男声海报⑩游戏改编权被起诉索赔11页游人物服装抄袭剑三原创校服
        "
看过,2017-08-04 07:44:05,很差,229," 此类电影基本属于看演员看题材就知道是烂片但是仍然有人前仆后继去贡献票房系列
        "
看过,2017-09-03 18:05:43,很差,2," 目瞪口呆，做菜那段看得想杀了导演。每个人的造型都惨不忍睹，刘亦菲在银幕里毫无仙气，阿离一点不可爱。迄今为止仙侠题材没有一个还原我心目中的天界的，只剩艳俗。服装造型...找外国人负责，我就更不能理解了，本国都不一定能贴切，何况老外。
        "
看过,2017-09-12 05:43:19,很差,6," 我可能是跳了诛仙台。
        "
看过,2017-09-10 15:06:21,很差,6," 编剧是含着奶嘴写的
        "
看过,2017-08-09 22:17:22,力荐,12," 和同学看的...她很喜欢这类型/其实我感觉不差啊...可能是我电影看少了吧，我感觉吧，特效我不评论因为我不在意。感觉衣服除了那个头盔，都挺美的。实在的说，我真的感觉都挺美的...演技也不是很尬...爱情嘛...给了五星我就跑神仙姐姐真好看/我还是继续看我的文艺小清新2d好了...
        "
看过,2017-08-05 13:36:39,很差,67," 看这场电影就是场灾难，省几十块钱吃吃喝喝真的是一件不错的事情，杨洋那一头长发，给你陪个枪去演赵云还是可以的。
        "
看过,2017-08-27 15:18:05,很差,5," 看不懂，杨洋的油脸能下锅了。
        "
看过,2017-08-03 07:16:27,很差,238," 想去看神仙姐姐刘亦菲但是不喜欢看小鲜肉，
        "
看过,2017-08-06 14:58:27,推荐,75," 没有这么差好么，豆瓣现在都是怎么了
        "
看过,2017-08-04 23:18:15,较差,38," 剧情弱的一比，硬生生的捅G点。神仙姐姐演技和15年前比没进步，只多了吻戏床戏。杨洋油腻！
        "
看过,2017-08-03 18:36:09,很差,244," 能不能给半星
        "
看过,2017-09-16 15:06:01,较差,3,
看过,2017-08-04 11:45:48,力荐,260," 本身肯定不是五星电影啦，但是太多恶意差评，总体来说，还是可以的，特效大部分还行，缺点是情节处理有欠缺，跳跃太快，感情来得有点莫名其妙，演技还ok，但台词功力还是欠缺，比较尴尬，但对于小说读者来说，画面美是最大诉求，毕竟情节我们心里有，天线仙气很够，杨洋的夜华还是比较符合小说的感觉的
        "
看过,2017-09-12 10:21:30,较差,3," 虽然是杨洋颜粉，但是还好没花钱去看……
        "
看过,2017-09-04 23:23:03,很差,5," 还真的不知道电影院里的人怎么看下去的。
        "
看过,2017-08-04 12:23:56,较差,17," 一分给颜值，一分给特效，拉面那一段真的太尴尬了
        "
看过,2017-08-10 12:06:17,较差,23," 杨洋没有gif那么猥琐和自恋，不过，那分分钟架着自己帅逼的眼神真是让我都无地自容了，杨洋的脸是有些圈点的，但身高气场颜值撑不起来这种人物设定啊，最多本性出演下油面青春偶像小生了。
        "
看过,2017-08-03 21:39:10,较差,39," 这种电影难道不是首先要把故事说清楚？我这没看过小说没看过电视剧的不太看得明白。剧里的男性角色，不，应该是雄性角色雄性激素分泌太少，美则美也，没刚阳之美。
        "
看过,2017-08-05 15:13:47,很差,53," 愿大风刮过吹散十里桃花
        "
看过,2017-08-04 01:09:59,很差,162," 抄袭狗负分
        "
看过,2017-09-10 14:56:52,较差,7," 或许是我先入为主了，电影版不是一般的难看，简直就是走马灯的快进版，男女主颜值和演技都差劲，本来就觉得对刘亦菲的美网评过誉，看了之后真是要把她直接拉入烂片女王阵营。全片最大的好，恐怕就是全部删掉其他副线的恩爱了，当然电视剧的五毛特效，电影升级为五块，也是可圈可点。
        "
看过,2017-08-03 21:01:48,很差,213,
看过,2017-08-03 17:53:57,较差,88," 演员特效都挺美，剧本剪辑不太行。杨洋很帅很苏，但是台词有点尴尬，希望能提高下。他散发的脸太适合古言了，但是一开口就出戏。刘亦菲的演技比想象中好一点，大婚的造型雷死人了。看完爱上罗晋，顶着这么一个鬼造型都能让我看出帅。整体不是很好看但也没有特别烂，有几个镜头还是唤起了久违的少女心。
        "
看过,2017-09-22 15:29:36,还行,2," 作为没有看过原著与电视剧版的观众来说 电影版的这部《三生三世》给笔者的感觉是很不错的 因为首先它是未知的 其次整部电影的剧情是饱满的 层层递进的逻辑很清晰 演员的演技也是不错的 所以笔者的代入感很强 能够随着剧情的推进 感受到那份绵延了“三生三世”的爱恨情仇和那份宿命般的永世缠绵 还凑合
        "
看过,2017-08-03 09:34:01,推荐,471," 首先画面真的不能太美，用心制作的东西一定会脱颖而出
杨洋的演技在这部电影里边爆发了，连一撇一笑，举手投足间，感情都拿捏得十分得当。最喜欢桃林那场吻戏，夜华亦进亦退，骨子里爱情的渴望与他与生俱来的贵族气质相碰撞，他都表现了出来。就想说放开夜华让我来！！！

        "
看过,2017-08-04 13:51:41,力荐,232," 不黑不吹，视觉特效服装音响颜值都是上乘。另外恕我私心提高评价，五星。
        "
看过,2017-09-16 17:44:07,很差,6," 真的很难称之为电影，原以为赵小丁至少跟着老谋子混了这么多年，大概被是原作、演员和服化道问题连累，看完发现是所有主创在导演领导下各司其职，共同努力搞出这惊天烂片的，不说碎片式的剪辑，很多场景根本不像长期电影从业人员拍出来的，像一个地市级电视台播出的拙劣广告，我说的就是邪魅拉面那场戏
        "
看过,2017-08-12 22:12:30,较差,10," 一分给特效，一分给男女主的美颜盛世。两分已经很给面子了。本来想去看战狼2的，朋友手残在美团上点错了，不能改退。本着不浪费毛爷爷的原则去看了。杨洋台词功底太差，全称一副老子天下第一帅第一深情的表情。把天仙都衬托的会演戏了。谢谢杨洋。
        "
看过,2017-08-03 21:30:51,很差,75," 在观影的过程中，我拼命寻找能给这个片打二星的理由，不好意思，没找到
        "
看过,2017-08-07 00:09:01,很差,36," 杨洋是希腊神话里的那喀索斯转世无误了。连演床戏都在凹造型，每个镜头都特别黄晓明，教主的门派后继有人了。不过，和谁一起都没有CP感的杨洋，这次和刘亦菲搭档竟然产生了奇异的CP感。
        "
看过,2017-08-09 20:50:57,很差,39," 快三十岁的刘亦菲已然过了颜值巅峰，更可惜的是，她从未有过演技巅峰…
        "
看过,2017-08-11 03:16:08,还行,11," 颜狗的满足，加一星时长有限，剪掉了所有副线剧情这是聪明的，但肯定影响丰满度。特效都是奇幻动物世界画风，配乐也是风格完全混搭，都是硬伤。结局也仓促，到底墨渊和夜华只能活一个？作为看过原著的表示，人设还原度很高了，反正比电视剧好
        "
看过,2017-09-04 04:40:13,很差,3," 刘亦菲还是适合古装！我承认我也是来看刘亦菲的。至于这个片子……剧情，人设，特效，台词都尴尬想让人骂脏话。台词古不古，今不今，文不文，俗不俗。别的片子是针对槽点吐槽，这个片子本身就是槽点。5亿多的票房和战狼2一样是一个票房奇迹，影片可怕，贡献票房的人更可怕……
        "
看过,2017-08-07 22:03:24,很差,59," 0分。不是烂这么简单的事情，是荒谬。莫名其妙，只想圈钱。这种电影就该被禁。
        "
看过,2017-08-04 09:22:02,较差,12," 都给特效和服装了 两星不能更多... （btw 天仙的脸好像长开了
        "
看过,2017-08-05 05:36:39,很差,3," 再别提啥影版和小说不一样要分开评价了，给唐抄版权费就是支持抄袭，你就算改得唐抄自己都认不出了也还是给她钱了，就是在侮辱所有原创作者，不然难道是支持希望工程么？甭装傻——你是没自己去偷孩子，但一边给人贩子钱一边说“我跟偷孩子可没关系”是不是太掩耳盗铃了？
        "
看过,2017-09-05 18:12:21,较差,1," 剧情不行，特效一般，只剩刘亦菲脸，迷谷的萌！！！！！
        "
看过,2017-08-05 10:33:58,很差,81," 还有这么垃圾的电影？
        "
看过,2017-08-03 19:12:14,推荐,106,
看过,2017-08-21 16:43:31,很差,12," 没人觉得杨洋扯面跳舞时穿的那身衣服像阿凡提吗？
        "
看过,2017-08-19 22:47:29,还行,8," 抱着看到底能多烂的心态看完发现竟然还可以，没想象中烂，难看的衣服也就出现了几分钟，大部分还是可以得，两个主演演技一般但是还是HOLD住古偶的，至少比只会瞪眼的某某强吧，因为抄袭打低分还是能理解，但是特么打低分还吹剧版的莫不是瞎啊
        "
看过,2017-08-08 12:33:05,很差,63," 这部片子让我知道了什么叫锁场
        "
看过,2017-08-04 10:56:28,很差,141," 高端婚庆影楼既视感。。。
        "
看过,2017-08-06 14:51:19,很差,74,
看过,2017-08-03 17:29:03,很差,186," 首先抄袭再接着什么烂剧情烂演技，本来觉得颜值不错想看看结果什么乱七八糟的造型，女主在里面一点都不好看演技全无，男主颜值还可以但是演技也不行，太失望了！
        "
看过,2017-08-06 20:45:42,很差,50," 对不起刘，但冲着杨的演技颜值动机粉丝人品，我来拉低分了：）
        "
看过,2017-08-05 23:19:16,很差,17," 一个半小时我干什么别的不好。
        "
看过,2017-08-03 19:08:25,很差,199," 这些年刘天仙主演的电影，没一个能拿的出手的，唉~
        "
看过,2017-08-03 17:25:05,力荐,161," 愿这一生，莫相忘，莫相离，再不负卿～
        "
看过,2017-08-09 18:42:07,还行,9," 在烂片声浪中，我看到海报还吸引。就去电影院亲鉴！觉得很好呀~喜欢男女猪~演戏造型大景气氛~一一都接受~美！！！！！……年轻人爱看的戏就是美女被帅哥猛追，当年也陪MM看过刘亦菲的片子~看她一个人的演技~！！而这片还多了很多的布景，帅哥也不错，故事也看懂了。OK啊~喜欢再看造型……一如小时候。
        "
看过,2017-08-09 17:33:20,较差,9," 都说电影没有电视剧好看，我觉得不是，电影我能坚持看完，电视剧看不过四集
        "
看过,2017-08-04 21:55:18,很差,58," 中途，小闺蜜突然推了我一下:""告诉你一个好消息 还有17分钟就散！场！了！"" 多年来第一次去电影院看这种(五光十色)的电影 结束以后我们俩脑子里只有令人头皮发麻的杨洋拉面广告。今麦郎这波营销我服！
        "
看过,2017-08-07 10:55:29,很差,75," 哈哈哈看到官博和制片人互掐真是一场好戏，比抄袭的原作好看多了
        "
看过,2017-08-06 03:58:49,None,19," YY lan+dai
        "
看过,2017-08-03 20:57:18,很差,115," 比我想像中还要烂 投资方会不会赔本啊
        "
看过,2017-08-03 17:18:37,较差,76," 颜狗……emmm
        "
看过,2017-08-05 08:00:18,较差,43," 无毛特效变成两块五特效，用极简陋的特效撑起假华丽！何为假华丽？还记得杀玛特大头贴那种伤透了的华丽吗？服装除了神仙姐姐其他人什么鬼？杨洋的发型什么鬼？两星全给杨洋的脸！同是口碑烂片小四至少服化道美牛逼啊！爵迹至少特效牛逼啊！现在回首都觉得小四是最有诚意的导演，态度和水平哪个更致命？
        "
看过,2017-09-11 17:48:03,很差,5," 一星，不能再多了
        "
看过,2017-10-11 11:19:40,很差,3," 要不是cici送票，也不会去看了，with tintin
        "
看过,2017-08-04 18:09:40,很差,20," 开头以为在看迪士尼的片。。嗯。。抄袭，就一星！！
        "
看过,2017-08-03 20:42:38,较差,33," 刘亦菲坚持面瘫基本路线一百年不动摇。而与其相反的，杨洋成功得从一个面如冠玉的美少年蜕变为油腻的年轻教主，从今天起，江湖上不再有杨洋。人们都尊敬地称他为杨晓明。
        "
看过,2017-08-11 09:54:07,很差,48," 我的妈呀！！！尬到爆炸了！！！！！！！！！！！！在影院就想原地爆炸！！！！！爆炸！！！！！！！！！！！！
        "
看过,2017-08-03 18:58:15,很差,91," 男女主两个人在那里尬演，尴尬的要死，剧情毫无逻辑。布景透露着一种廉价感，这种感觉还不是因为你没有钱而是审美low，还有说特效好的，看看隔壁悟空传。这种一看就纯属捞钱的电影感觉根本就不尊重观众，简直毫无可取之处，年度烂片锁定
        "
看过,2017-08-05 17:54:56,推荐,54," 影版惊喜修补了原著和剧版墨渊和夜华明明就是两个人的bug，成为【真】三生三世【从始至终只不过一个你】。故事讲得略匆忙，司音和墨渊的故事没有展开，后半部转折略生硬。但作为爱情片让我看到爱情这就够了。特效诚意十足。平心而论是6分的片子，内核戳我7分，这全网黑三生是政治正确的架势，补一星。
        "
看过,2017-08-08 08:46:13,很差,37,
看过,2017-08-05 06:05:10,很差,125," 大风刮过，死死死死。单说抄袭就足矣挂在耻辱柱上风干了怎么好意思的，脑残粉厚着脸皮闭着眼睛无脑吹简直要笑死，你们也是很不容易啊，只是你家主子领情吗？
        "
看过,2017-08-03 16:34:39,很差,188," 太可怕了，太可怕了，太可怕了。
        "
看过,2017-09-12 13:21:14,很差,4," 嗯 说点什么 还我夜华 我的夜华才不是深夜食堂里切水果的拉面师傅好吧
        "
看过,2017-08-05 17:09:03,很差,98," 呵呵……呵呵，反正是鲜肉迷控女友掏钱请我看的。临了，她尴尬向我抱歉说应该请看《战狼2》
        "
看过,2017-09-09 17:08:19,很差,7," 这种烂片票房过5亿（首周4天近4.3亿，而后因口碑太遭，后续票房只增加1亿多……累积5.3亿多），然后还要拍第二部了：所以啊，中国烂片扎堆，制作方与观众都有责任呀！
        "
看过,2017-08-09 18:02:52,推荐,13," 一星给特效一星给刘亦菲一星给杨洋 还有一星为了一面倒的黑  改编的不好  特别是白浅挖回自己的眼睛那段不该省略
        "
看过,2017-09-18 08:47:10,很差,4," 不知所谓，乱七八糟，看完想吃海底捞。
        "
看过,2017-08-20 22:11:11,还行,1," 没看过原著和电视剧版，本来也没指望这片子的蠢剧情能看（看简介就知道蠢，实际看了更是发现蠢到无可救药），就想看一部只悦目不动脑的电影，可是画面上，除了演员颜值能看以外，演技尴尬，场景特效太假，服装不伦不类，白浅住的行宫很破烂。一部片子看下来，真的只是看了颜值，其他都让我犯困。
        "
看过,2017-08-09 17:24:58,很差,21," 真的是烂到惊人，服装廉价，剧本可耻，特效侮辱眼球。与其说两位美人儿让人吐槽演技，其实更多还是编剧的锅，是你让男主开头这么邪魅狂狷的吧？可耻啊，我们连让美人儿正常发挥美貌就可以的片子也拍不出来了！
        "
看过,2017-08-05 12:36:53,还行,9," 终于见识到网络小说的台词从嘴里说出来的感觉了
        "
看过,2017-12-05 00:25:01,较差,0," 还记得什么是记流水账吗？这电影的节奏就是急着讲完整个故事，匆匆忙忙毫无重点，造型丑了点，还好主角太美。
        "
看过,2017-08-03 16:10:50,力荐,168," 看之前担心杨洋演技，看完发现颜即是一切，秒渣赵又廷，这才是九重天的太子爷。
        "
看过,2017-08-06 17:22:17,推荐,21," 很好看啊 神还原 杨洋真帅 评价都是一星，是官方自己人故意的吧？因为好奇，跟朋友哈哈得跑去看到底有多烂，结果场景大气，衣服华美，颜值养眼，很好看啊！感觉被套路了😂 
杨洋怎么长得那么好看，严宽很正，刘亦菲真美
        "
看过,2017-08-04 20:06:05,还行,65," 和同学三人昨晚一起去看的，服装有点雷人，节奏太快，就害怕很快完了。结果真的很快结束了，真的很舍不得。用两个小时时间看三生真的有点短。。。
回来以后看到大家都说网上评价是烂片，没看的同学问我们是不是特别。然后我们就说也没有特别烂，至少6分还是有的。素素造型大爱
        "
看过,2017-08-04 22:28:01,很差,26," 我就喜欢看羊毛老师跺脚的样子，一星都给多了。
        "
看过,2017-08-05 19:49:53,较差,12," 神马鬼
        "
看过,2017-08-04 08:56:50,很差,127," 夜华拉面还以为看杨洋参加12道锋味呢。。。
        "
看过,2017-08-05 18:00:16,较差,70," 我竟然觉得杨幂和赵又廷的演技棒呆了
        "
看过,2017-08-05 18:08:47,None,63," 日哟 杨洋帅在哪里？
        "
看过,2017-08-04 16:21:44,较差,11," 一个新类型：儿童剧修仙言情大片
        "
看过,2017-09-29 05:16:51,还行,0," 特效可以,男女主颜值都挺高.可惜剧情的拍摄效果略显单薄.
        "
看过,2017-08-03 17:33:03,推荐,124," 刚看完，整体感觉非常不错，改编的比较合理，前半部分笑，后半部分挺感人，很多妹子都哭了，特效超级好
        "
看过,2017-08-03 16:33:59,很差,192," 卧槽，烂到家了，神奇的服饰发型，结婚时造型什么鬼，大概可以把造型师拉出去毙了，没看过抄袭大作或者电视剧的估计根本看不懂电影讲的什么，两个人尴尬的演技，无聊的剧情，给杨洋部分造型打个一分，不然就是负分滚粗
        "
看过,2017-08-04 13:53:12,很差,113," 女主是杨洋？
        "
看过,2017-08-04 10:01:30,很差,128," 太可怕了真是半星都他妈的不想给
        "
看过,2017-12-26 16:01:09,很差,0," 古装偶像剧，拍得挺好看的。刘亦菲的沟给一星。但这种东西有必要拍电影吗。
        "
看过,2017-08-07 20:21:25,还行,6," 愣是把玄幻拍成魔幻这一点是败笔，看到包菜迷谷就想洗眼睛。
        "
看过,2017-08-03 16:25:54,推荐,135," 我被美色迷惑了双眼 就这样
        "
看过,2017-09-11 13:15:38,None,7,
看过,2017-08-09 14:45:59,很差,50," 人生中的2小时拿来干点什么不好呢，非要用来看面瘫装逼。中途离场！
        "
看过,2017-08-07 08:57:57,很差,55," 貌若天仙的刘亦菲和貌比潘安的杨洋失魂落魄地尬演了一场大型影楼羞耻play。在大家熟知故事细节的前提下电影依然表现的不知所云，国产流量片，厉害啊！
        "
看过,2017-08-04 07:40:29,很差,156," 抱歉就算有杨洋和刘天仙的颜值我真的也忍不了，边看边吐槽…本来觉得cp组的特别好现在才觉得电视剧简直好的出天际…这一星就算给特效和两位的颜值吧。
        "
看过,2017-08-07 08:37:24,很差,44," 所以你出来的作用就是把隔壁直接送上40亿票房？
        "
看过,2017-08-20 00:53:20,推荐,9," 晚上一个意外看了这部原本不想看的电影，却觉得比预想中的好多了
        "
看过,2017-08-05 02:52:43,较差,56," 特效确实花了钱，但整个审美都陷在误区里。不中不洋的影楼风造型让人不适，每出现一个新造型都能引发观众哄堂大笑。把原书情节压缩在一部电影里有点勉强，剧情浮皮潦草地跳跃着，男女主没有cp感，古偶剧级别的台词和演技让人全程无法入戏，只觉得尬爱尬哭。加一星为请我看电影的人，减一星为唐七抄袭。
        "
看过,2017-08-06 15:25:57,推荐,35," 好看，分数太低了吧，黑子真可怕
        "
看过,2017-08-03 16:31:14,力荐,232," 卧槽，这特效和音乐太棒啦，大气磅礴，各种场景太惊喜了，很能看出幕后人员的用心雕琢。迷谷太可爱了，屁股后面还有一朵小花。虽然折颜的造型看着很浮夸，但是特别契合人物。夜华人物塑造的很隐忍，表情拿捏很好。白浅的表演很有张力，特别感染人。
        "
看过,2017-09-07 23:43:42,很差,2,
看过,2017-08-04 15:37:51,较差,21," 这是一部大型cosplay情景剧，没剧情，就看人。ps：杨阳和刘亦菲吻戏还挺好看。
        "
看过,2017-08-05 12:21:45,力荐,63," 那么好看的电影，怎么会有人打一星啊……这是我看电影的全程都有的疑问
        "
看过,2017-08-03 17:55:44,很差,206," 心疼剪预告的，把所有正常审美的镜头都用上了。心疼天仙，这服装太尬了，难看又穿着难受！素素说，还好我瞎了。 浅浅说，也把我戳瞎吧。 素锦说，我自己动手吧。看片时，我内心的弹幕是爆发式的。如果本片在b站播放，不关弹幕，应该是看不到任何画面的。
        "
看过,2017-08-05 07:29:37,很差,95,
看过,2017-08-05 20:00:10,力荐,92," 真是人云亦云的可怕，imax三生归来，观感非常好，大家吐槽的剧情也好，头饰也好，拉面也好，我都觉得没啥大问题，就是觉得时间太短了，一晃都到结束了，可能我欣赏水平不高，就为黑子这么努力的黑我也打个5星
        "
看过,2017-09-21 01:38:13,很差,7," 看谷阿莫版都嫌太长
        "
看过,2017-09-04 12:12:39,很差,1," 原来“网大”就是这样子的。
        "
看过,2017-08-05 20:07:48,还行,7," 刘亦菲的台词有问题，可是颜值够好；和最后明白夜华的苦衷令人感动。
        "
看过,2017-08-06 08:27:02,较差,33," 杨洋好几处表情令我和闺蜜难以自禁的笑场
        "
看过,2017-09-16 01:38:02,很差,6," 杨洋演的夜华一丝猥琐大叔气质啊。。亦非女神的颜值也解救不了电影情节之混乱以及演员不在线的演技。。以致于刺激的我竟然去找电视剧看了
        "
看过,2017-08-06 20:38:51,很差,23," 三生三世十里油腻
        "
看过,2017-08-03 18:08:12,很差,238," 嘻嘻
        "
看过,2017-09-28 09:17:48,None,0," 观众眼睛雪亮
        "
看过,2017-10-09 16:35:54,很差,6," 本想着看看颜值,一开头的打光就快瞎了眼,杨洋长得好但没演技有个屁用,能把刘亦菲都衬托得""演技卓越""我真是服了杨洋的邪魅一笑,再加上时时刻刻高强度直射面部的灯光,油腻得快发臭了.还没看桃花债但基本能想象出大风是怎么写的感情,唐七真是连抄都只能抄成个垃圾啊!
        "
看过,2017-09-18 11:25:15,None,2," 怎么说呢，二倍速，还是看得我，浑身难受
        "
看过,2017-08-09 20:27:56,较差,2," 导演有奇怪的服装品味。一件比一件可怕，女主结婚的时候顶着果盘，果盘里面还放着颜色各异的虾片！一分给颜值，一分给结局修改。
        "
看过,2017-08-07 00:23:31,还行,7," 杨洋真的把夜华演成登徒子了。颜值一星，特效两星。
        "
看过,2017-08-03 20:08:39,很差,85," 包子杨洋的演技看在颜值还可以原谅……but,开头跟动画片似的…老凤凰咋那么娘炮…节奏太快没看过书或电视剧的人大概看不懂吧…少了一世啊喂！前面太快后面一小时回忆真的很想拖进度条啊喂！奈奈是找的机器人配音吗？？说话音调没有一点变化很出戏啊喂！冲颜值还是非常不客观给两星
        "
看过,2017-08-07 15:16:11,推荐,16," 杨洋和刘亦菲满足我对天仙的所有想象
        "
看过,2017-08-04 07:53:38,很差,203," 什么时候有负分了我再来改一下，太太太太太几把烂了
        "
看过,2017-08-05 15:24:43,较差,21," 笑到死亡，每一句台词都暴风好笑。好多爵迹同款梗，什么女神的面纱啦吉尔伽美什破冰啦还有愤怒的小鸟啦，两位网文作者抄都抄一样的，真是辛苦了。最后，他们都这么努力了你们为什么还要给差评！
        "
